# Japan Post UTF-8 KEN_ALL: prefecture, name, hiragana (tab-separated).
愛知県	あま市	あまし
愛知県	みよし市	みよしし
愛知県	阿久比町	あぐいちょう
愛知県	愛西市	あいさいし
愛知県	愛知郡東郷町	あいちぐんとうごうちょう
愛知県	愛知県	あいちけん
愛知県	安城市	あんじょうし
愛知県	一宮市	いちのみやし
愛知県	稲沢市	いなざわし
愛知県	岡崎市	おかざきし
愛知県	海部郡蟹江町	あまぐんかにえちょう
愛知県	海部郡大治町	あまぐんおおはるちょう
愛知県	海部郡飛島村	あまぐんとびしまむら
愛知県	蟹江町	かにえちょう
愛知県	額田郡幸田町	ぬかたぐんこうたちょう
愛知県	蒲郡市	がまごおりし
愛知県	刈谷市	かりやし
愛知県	岩倉市	いわくらし
愛知県	犬山市	いぬやまし
愛知県	幸田町	こうたちょう
愛知県	江南市	こうなんし
愛知県	高浜市	たかはまし
愛知県	春日井市	かすがいし
愛知県	小牧市	こまきし
愛知県	常滑市	とこなめし
愛知県	新城市	しんしろし
愛知県	瀬戸市	せとし
愛知県	清須市	きよすし
愛知県	西春日井郡豊山町	にしかすがいぐんとよやまちょう
愛知県	西尾市	にしおし
愛知県	設楽町	したらちょう
愛知県	大口町	おおぐちちょう
愛知県	大治町	おおはるちょう
愛知県	大府市	おおぶし
愛知県	丹羽郡大口町	にわぐんおおぐちちょう
愛知県	丹羽郡扶桑町	にわぐんふそうちょう
愛知県	知多郡阿久比町	ちたぐんあぐいちょう
愛知県	知多郡東浦町	ちたぐんひがしうらちょう
愛知県	知多郡南知多町	ちたぐんみなみちたちょう
愛知県	知多郡美浜町	ちたぐんみはまちょう
愛知県	知多郡武豊町	ちたぐんたけとよちょう
愛知県	知多市	ちたし
愛知県	知立市	ちりゅうし
愛知県	長久手市	ながくてし
愛知県	津島市	つしまし
愛知県	田原市	たはらし
愛知県	東浦町	ひがしうらちょう
愛知県	東栄町	とうえいちょう
愛知県	東海市	とうかいし
愛知県	東郷町	とうごうちょう
愛知県	南知多町	みなみちたちょう
愛知県	日進市	にっしんし
愛知県	半田市	はんだし
愛知県	飛島村	とびしまむら
愛知県	尾張旭市	おわりあさひし
愛知県	美浜町	みはまちょう
愛知県	扶桑町	ふそうちょう
愛知県	武豊町	たけとよちょう
愛知県	碧南市	へきなんし
愛知県	豊橋市	とよはしし
愛知県	豊根村	とよねむら
愛知県	豊山町	とよやまちょう
愛知県	豊川市	とよかわし
愛知県	豊田市	とよたし
愛知県	豊明市	とよあけし
愛知県	北設楽郡設楽町	きたしたらぐんしたらちょう
愛知県	北設楽郡東栄町	きたしたらぐんとうえいちょう
愛知県	北設楽郡豊根村	きたしたらぐんとよねむら
愛知県	北名古屋市	きたなごやし
愛知県	名古屋市	なごやし
愛知県	名古屋市港区	なごやしみなとく
愛知県	名古屋市守山区	なごやしもりやまく
愛知県	名古屋市昭和区	なごやししょうわく
愛知県	名古屋市瑞穂区	なごやしみずほく
愛知県	名古屋市西区	なごやしにしく
愛知県	名古屋市千種区	なごやしちくさく
愛知県	名古屋市中区	なごやしなかく
愛知県	名古屋市中川区	なごやしなかがわく
愛知県	名古屋市中村区	なごやしなかむらく
愛知県	名古屋市天白区	なごやしてんぱくく
愛知県	名古屋市東区	なごやしひがしく
愛知県	名古屋市南区	なごやしみなみく
愛知県	名古屋市熱田区	なごやしあつたく
愛知県	名古屋市北区	なごやしきたく
愛知県	名古屋市名東区	なごやしめいとうく
愛知県	名古屋市緑区	なごやしみどりく
愛知県	弥富市	やとみし
愛媛県	愛南町	あいなんちょう
愛媛県	愛媛県	えひめけん
愛媛県	伊方町	いかたちょう
愛媛県	伊予郡松前町	いよぐんまさきちょう
愛媛県	伊予郡砥部町	いよぐんとべちょう
愛媛県	伊予市	いよし
愛媛県	宇和島市	うわじまし
愛媛県	越智郡上島町	おちぐんかみじまちょう
愛媛県	喜多郡内子町	きたぐんうちこちょう
愛媛県	鬼北町	きほくちょう
愛媛県	久万高原町	くまこうげんちょう
愛媛県	今治市	いまばりし
愛媛県	四国中央市	しこくちゅうおうし
愛媛県	松山市	まつやまし
愛媛県	松前町	まさきちょう
愛媛県	松野町	まつのちょう
愛媛県	上島町	かみじまちょう
愛媛県	上浮穴郡久万高原町	かみうけなぐんくまこうげんちょう
愛媛県	新居浜市	にいはまし
愛媛県	西宇和郡伊方町	にしうわぐんいかたちょう
愛媛県	西条市	さいじょうし
愛媛県	西予市	せいよし
愛媛県	大洲市	おおずし
愛媛県	砥部町	とべちょう
愛媛県	東温市	とうおんし
愛媛県	内子町	うちこちょう
愛媛県	南宇和郡愛南町	みなみうわぐんあいなんちょう
愛媛県	八幡浜市	やわたはまし
愛媛県	北宇和郡鬼北町	きたうわぐんきほくちょう
愛媛県	北宇和郡松野町	きたうわぐんまつのちょう
茨城県	かすみがうら市	かすみがうらし
茨城県	つくばみらい市	つくばみらいし
茨城県	つくば市	つくばし
茨城県	ひたちなか市	ひたちなかし
茨城県	阿見町	あみまち
茨城県	稲敷郡阿見町	いなしきぐんあみまち
茨城県	稲敷郡河内町	いなしきぐんかわちまち
茨城県	稲敷郡美浦村	いなしきぐんみほむら
茨城県	稲敷市	いなしきし
茨城県	茨城県	いばらきけん
茨城県	茨城町	いばらきまち
茨城県	猿島郡境町	さしまぐんさかいまち
茨城県	猿島郡五霞町	さしまぐんごかまち
茨城県	下妻市	しもつまし
茨城県	河内町	かわちまち
茨城県	笠間市	かさまし
茨城県	久慈郡大子町	くじぐんだいごまち
茨城県	牛久市	うしくし
茨城県	境町	さかいまち
茨城県	結城郡八千代町	ゆうきぐんやちよまち
茨城県	結城市	ゆうきし
茨城県	古河市	こがし
茨城県	五霞町	ごかまち
茨城県	行方市	なめがたし
茨城県	高萩市	たかはぎし
茨城県	坂東市	ばんどうし
茨城県	桜川市	さくらがわし
茨城県	鹿嶋市	かしまし
茨城県	取手市	とりでし
茨城県	守谷市	もりやし
茨城県	小美玉市	おみたまし
茨城県	城里町	しろさとまち
茨城県	常総市	じょうそうし
茨城県	常陸太田市	ひたちおおたし
茨城県	常陸大宮市	ひたちおおみやし
茨城県	神栖市	かみすし
茨城県	水戸市	みとし
茨城県	石岡市	いしおかし
茨城県	大子町	だいごまち
茨城県	大洗町	おおあらいまち
茨城県	筑西市	ちくせいし
茨城県	潮来市	いたこし
茨城県	土浦市	つちうらし
茨城県	東茨城郡茨城町	ひがしいばらきぐんいばらきまち
茨城県	東茨城郡城里町	ひがしいばらきぐんしろさとまち
茨城県	東茨城郡大洗町	ひがしいばらきぐんおおあらいまち
茨城県	東海村	とうかいむら
茨城県	那珂郡東海村	なかぐんとうかいむら
茨城県	那珂市	なかし
茨城県	日立市	ひたちし
茨城県	八千代町	やちよまち
茨城県	美浦村	みほむら
茨城県	鉾田市	ほこたし
茨城県	北茨城市	きたいばらきし
茨城県	北相馬郡利根町	きたそうまぐんとねまち
茨城県	利根町	とねまち
茨城県	龍ケ崎市	りゅうがさきし
岡山県	井原市	いばらし
岡山県	英田郡西粟倉村	あいだぐんにしあわくらそん
岡山県	岡山県	おかやまけん
岡山県	岡山市	おかやまし
岡山県	岡山市中区	おかやましなかく
岡山県	岡山市東区	おかやましひがしく
岡山県	岡山市南区	おかやましみなみく
岡山県	岡山市北区	おかやましきたく
岡山県	加賀郡吉備中央町	かがぐんきびちゅうおうちょう
岡山県	笠岡市	かさおかし
岡山県	吉備中央町	きびちゅうおうちょう
岡山県	久米郡久米南町	くめぐんくめなんちょう
岡山県	久米郡美咲町	くめぐんみさきちょう
岡山県	久米南町	くめなんちょう
岡山県	鏡野町	かがみのちょう
岡山県	玉野市	たまのし
岡山県	高梁市	たかはしし
岡山県	勝央町	しょうおうちょう
岡山県	勝田郡勝央町	かつたぐんしょうおうちょう
岡山県	勝田郡奈義町	かつたぐんなぎちょう
岡山県	小田郡矢掛町	おだぐんやかげちょう
岡山県	新見市	にいみし
岡山県	新庄村	しんじょうそん
岡山県	真庭郡新庄村	まにわぐんしんじょうそん
岡山県	真庭市	まにわし
岡山県	瀬戸内市	せとうちし
岡山県	西粟倉村	にしあわくらそん
岡山県	赤磐市	あかいわし
岡山県	浅口郡里庄町	あさくちぐんさとしょうちょう
岡山県	浅口市	あさくちし
岡山県	倉敷市	くらしきし
岡山県	早島町	はやしまちょう
岡山県	総社市	そうじゃし
岡山県	津山市	つやまし
岡山県	都窪郡早島町	つくぼぐんはやしまちょう
岡山県	苫田郡鏡野町	とまたぐんかがみのちょう
岡山県	奈義町	なぎちょう
岡山県	備前市	びぜんし
岡山県	美咲町	みさきちょう
岡山県	美作市	みまさかし
岡山県	矢掛町	やかげちょう
岡山県	里庄町	さとしょうちょう
岡山県	和気郡和気町	わけぐんわけちょう
岡山県	和気町	わけちょう
沖縄県	うるま市	うるまし
沖縄県	粟国村	あぐにそん
沖縄県	伊江村	いえそん
沖縄県	伊是名村	いぜなそん
沖縄県	伊平屋村	いへやそん
沖縄県	浦添市	うらそえし
沖縄県	沖縄県	おきなわけん
沖縄県	沖縄市	おきなわし
沖縄県	恩納村	おんなそん
沖縄県	嘉手納町	かでなちょう
沖縄県	宜野座村	ぎのざそん
沖縄県	宜野湾市	ぎのわんし
沖縄県	久米島町	くめじまちょう
沖縄県	宮古郡多良間村	みやこぐんたらまそん
沖縄県	宮古島市	みやこじまし
沖縄県	金武町	きんちょう
沖縄県	国頭郡伊江村	くにがみぐんいえそん
沖縄県	国頭郡恩納村	くにがみぐんおんなそん
沖縄県	国頭郡宜野座村	くにがみぐんぎのざそん
沖縄県	国頭郡金武町	くにがみぐんきんちょう
沖縄県	国頭郡国頭村	くにがみぐんくにがみそん
沖縄県	国頭郡今帰仁村	くにがみぐんなきじんそん
沖縄県	国頭郡大宜味村	くにがみぐんおおぎみそん
沖縄県	国頭郡東村	くにがみぐんひがしそん
沖縄県	国頭郡本部町	くにがみぐんもとぶちょう
沖縄県	国頭村	くにがみそん
沖縄県	今帰仁村	なきじんそん
沖縄県	座間味村	ざまみそん
沖縄県	糸満市	いとまんし
沖縄県	西原町	にしはらちょう
沖縄県	石垣市	いしがきし
沖縄県	多良間村	たらまそん
沖縄県	大宜味村	おおぎみそん
沖縄県	竹富町	たけとみちょう
沖縄県	中城村	なかぐすくそん
沖縄県	中頭郡嘉手納町	なかがみぐんかでなちょう
沖縄県	中頭郡西原町	なかがみぐんにしはらちょう
沖縄県	中頭郡中城村	なかがみぐんなかぐすくそん
沖縄県	中頭郡読谷村	なかがみぐんよみたんそん
沖縄県	中頭郡北谷町	なかがみぐんちゃたんちょう
沖縄県	中頭郡北中城村	なかがみぐんきたなかぐすくそん
沖縄県	渡嘉敷村	とかしきそん
沖縄県	渡名喜村	となきそん
沖縄県	島尻郡粟国村	しまじりぐんあぐにそん
沖縄県	島尻郡伊是名村	しまじりぐんいぜなそん
沖縄県	島尻郡伊平屋村	しまじりぐんいへやそん
沖縄県	島尻郡久米島町	しまじりぐんくめじまちょう
沖縄県	島尻郡座間味村	しまじりぐんざまみそん
沖縄県	島尻郡渡嘉敷村	しまじりぐんとかしきそん
沖縄県	島尻郡渡名喜村	しまじりぐんとなきそん
沖縄県	島尻郡南大東村	しまじりぐんみなみだいとうそん
沖縄県	島尻郡南風原町	しまじりぐんはえばるちょう
沖縄県	島尻郡八重瀬町	しまじりぐんやえせちょう
沖縄県	島尻郡北大東村	しまじりぐんきただいとうそん
沖縄県	島尻郡与那原町	しまじりぐんよなばるちょう
沖縄県	東村	ひがしそん
沖縄県	読谷村	よみたんそん
沖縄県	那覇市	なはし
沖縄県	南城市	なんじょうし
沖縄県	南大東村	みなみだいとうそん
沖縄県	南風原町	はえばるちょう
沖縄県	八重山郡竹富町	やえやまぐんたけとみちょう
沖縄県	八重山郡与那国町	やえやまぐんよなぐにちょう
沖縄県	八重瀬町	やえせちょう
沖縄県	豊見城市	とみぐすくし
沖縄県	北大東村	きただいとうそん
沖縄県	北谷町	ちゃたんちょう
沖縄県	北中城村	きたなかぐすくそん
沖縄県	本部町	もとぶちょう
沖縄県	名護市	なごし
沖縄県	与那原町	よなばるちょう
沖縄県	与那国町	よなぐにちょう
岩手県	一関市	いちのせきし
岩手県	一戸町	いちのへまち
岩手県	遠野市	とおのし
岩手県	奥州市	おうしゅうし
岩手県	下閉伊郡岩泉町	しもへいぐんいわいずみちょう
岩手県	下閉伊郡山田町	しもへいぐんやまだまち
岩手県	下閉伊郡田野畑村	しもへいぐんたのはたむら
岩手県	下閉伊郡普代村	しもへいぐんふだいむら
岩手県	花巻市	はなまきし
岩手県	葛巻町	くずまきまち
岩手県	釜石市	かまいしし
岩手県	岩手郡葛巻町	いわてぐんくずまきまち
岩手県	岩手郡岩手町	いわてぐんいわてまち
岩手県	岩手郡雫石町	いわてぐんしずくいしちょう
岩手県	岩手県	いわてけん
岩手県	岩手町	いわてまち
岩手県	岩泉町	いわいずみちょう
岩手県	気仙郡住田町	けせんぐんすみたちょう
岩手県	久慈市	くじし
岩手県	宮古市	みやこし
岩手県	金ケ崎町	かねがさきちょう
岩手県	九戸郡九戸村	くのへぐんくのへむら
岩手県	九戸郡軽米町	くのへぐんかるまいまち
岩手県	九戸郡野田村	くのへぐんのだむら
岩手県	九戸郡洋野町	くのへぐんひろのちょう
岩手県	九戸村	くのへむら
岩手県	軽米町	かるまいまち
岩手県	山田町	やまだまち
岩手県	紫波郡紫波町	しわぐんしわちょう
岩手県	紫波郡矢巾町	しわぐんやはばちょう
岩手県	紫波町	しわちょう
岩手県	雫石町	しずくいしちょう
岩手県	住田町	すみたちょう
岩手県	上閉伊郡大槌町	かみへいぐんおおつちちょう
岩手県	盛岡市	もりおかし
岩手県	西磐井郡平泉町	にしいわいぐんひらいずみちょう
岩手県	西和賀町	にしわがまち
岩手県	大船渡市	おおふなとし
岩手県	大槌町	おおつちちょう
岩手県	滝沢市	たきざわし
岩手県	胆沢郡金ケ崎町	いさわぐんかねがさきちょう
岩手県	田野畑村	たのはたむら
岩手県	二戸郡一戸町	にのへぐんいちのへまち
岩手県	二戸市	にのへし
岩手県	八幡平市	はちまんたいし
岩手県	普代村	ふだいむら
岩手県	平泉町	ひらいずみちょう
岩手県	北上市	きたかみし
岩手県	野田村	のだむら
岩手県	矢巾町	やはばちょう
岩手県	洋野町	ひろのちょう
岩手県	陸前高田市	りくぜんたかたし
岩手県	和賀郡西和賀町	わがぐんにしわがまち
岐阜県	安八郡安八町	あんぱちぐんあんぱちちょう
岐阜県	安八郡神戸町	あんぱちぐんごうどちょう
岐阜県	安八郡輪之内町	あんぱちぐんわのうちちょう
岐阜県	安八町	あんぱちちょう
岐阜県	羽島郡笠松町	はしまぐんかさまつちょう
岐阜県	羽島郡岐南町	はしまぐんぎなんちょう
岐阜県	羽島市	はしまし
岐阜県	下呂市	げろし
岐阜県	加茂郡坂祝町	かもぐんさかほぎちょう
岐阜県	加茂郡七宗町	かもぐんひちそうちょう
岐阜県	加茂郡川辺町	かもぐんかわべちょう
岐阜県	加茂郡東白川村	かもぐんひがししらかわむら
岐阜県	加茂郡白川町	かもぐんしらかわちょう
岐阜県	加茂郡八百津町	かもぐんやおつちょう
岐阜県	加茂郡富加町	かもぐんとみかちょう
岐阜県	可児郡御嵩町	かにぐんみたけちょう
岐阜県	可児市	かにし
岐阜県	海津市	かいづし
岐阜県	各務原市	かかみがはらし
岐阜県	笠松町	かさまつちょう
岐阜県	関ケ原町	せきがはらちょう
岐阜県	関市	せきし
岐阜県	岐南町	ぎなんちょう
岐阜県	岐阜県	ぎふけん
岐阜県	岐阜市	ぎふし
岐阜県	郡上市	ぐじょうし
岐阜県	恵那市	えなし
岐阜県	御嵩町	みたけちょう
岐阜県	高山市	たかやまし
岐阜県	坂祝町	さかほぎちょう
岐阜県	山県市	やまがたし
岐阜県	七宗町	ひちそうちょう
岐阜県	神戸町	ごうどちょう
岐阜県	垂井町	たるいちょう
岐阜県	瑞穂市	みずほし
岐阜県	瑞浪市	みずなみし
岐阜県	川辺町	かわべちょう
岐阜県	多治見市	たじみし
岐阜県	大垣市	おおがきし
岐阜県	大野郡白川村	おおのぐんしらかわむら
岐阜県	大野町	おおのちょう
岐阜県	池田町	いけだちょう
岐阜県	中津川市	なかつがわし
岐阜県	土岐市	ときし
岐阜県	東白川村	ひがししらかわむら
岐阜県	白川村	しらかわむら
岐阜県	白川町	しらかわちょう
岐阜県	八百津町	やおつちょう
岐阜県	飛騨市	ひだし
岐阜県	美濃加茂市	みのかもし
岐阜県	美濃市	みのし
岐阜県	不破郡関ケ原町	ふわぐんせきがはらちょう
岐阜県	不破郡垂井町	ふわぐんたるいちょう
岐阜県	富加町	とみかちょう
岐阜県	北方町	きたがたちょう
岐阜県	本巣郡北方町	もとすぐんきたがたちょう
岐阜県	本巣市	もとすし
岐阜県	揖斐郡大野町	いびぐんおおのちょう
岐阜県	揖斐郡池田町	いびぐんいけだちょう
岐阜県	揖斐郡揖斐川町	いびぐんいびがわちょう
岐阜県	揖斐川町	いびがわちょう
岐阜県	養老郡養老町	ようろうぐんようろうちょう
岐阜県	養老町	ようろうちょう
岐阜県	輪之内町	わのうちちょう
宮崎県	えびの市	えびのし
宮崎県	綾町	あやちょう
宮崎県	延岡市	のべおかし
宮崎県	宮崎県	みやざきけん
宮崎県	宮崎市	みやざきし
宮崎県	串間市	くしまし
宮崎県	五ヶ瀬町	ごかせちょう
宮崎県	高原町	たかはるちょう
宮崎県	高千穂町	たかちほちょう
宮崎県	高鍋町	たかなべちょう
宮崎県	国富町	くにとみちょう
宮崎県	三股町	みまたちょう
宮崎県	児湯郡高鍋町	こゆぐんたかなべちょう
宮崎県	児湯郡新富町	こゆぐんしんとみちょう
宮崎県	児湯郡西米良村	こゆぐんにしめらそん
宮崎県	児湯郡川南町	こゆぐんかわみなみちょう
宮崎県	児湯郡都農町	こゆぐんつのちょう
宮崎県	児湯郡木城町	こゆぐんきじょうちょう
宮崎県	諸塚村	もろつかそん
宮崎県	小林市	こばやしし
宮崎県	新富町	しんとみちょう
宮崎県	西臼杵郡五ヶ瀬町	にしうすきぐんごかせちょう
宮崎県	西臼杵郡高千穂町	にしうすきぐんたかちほちょう
宮崎県	西臼杵郡日之影町	にしうすきぐんひのかげちょう
宮崎県	西諸県郡高原町	にしもろかたぐんたかはるちょう
宮崎県	西都市	さいとし
宮崎県	西米良村	にしめらそん
宮崎県	川南町	かわみなみちょう
宮崎県	椎葉村	しいばそん
宮崎県	都城市	みやこのじょうし
宮崎県	都農町	つのちょう
宮崎県	東臼杵郡諸塚村	ひがしうすきぐんもろつかそん
宮崎県	東臼杵郡椎葉村	ひがしうすきぐんしいばそん
宮崎県	東臼杵郡美郷町	ひがしうすきぐんみさとちょう
宮崎県	東臼杵郡門川町	ひがしうすきぐんかどがわちょう
宮崎県	東諸県郡綾町	ひがしもろかたぐんあやちょう
宮崎県	東諸県郡国富町	ひがしもろかたぐんくにとみちょう
宮崎県	日向市	ひゅうがし
宮崎県	日南市	にちなんし
宮崎県	日之影町	ひのかげちょう
宮崎県	美郷町	みさとちょう
宮崎県	北諸県郡三股町	きたもろかたぐんみまたちょう
宮崎県	木城町	きじょうちょう
宮崎県	門川町	かどがわちょう
宮城県	伊具郡丸森町	いぐぐんまるもりまち
宮城県	遠田郡美里町	とおだぐんみさとまち
宮城県	遠田郡涌谷町	とおだぐんわくやちょう
宮城県	塩竈市	しおがまし
宮城県	牡鹿郡女川町	おしかぐんおながわちょう
宮城県	加美郡加美町	かみぐんかみまち
宮城県	加美郡色麻町	かみぐんしかまちょう
宮城県	加美町	かみまち
宮城県	角田市	かくだし
宮城県	刈田郡七ヶ宿町	かったぐんしちかしゅくまち
宮城県	刈田郡蔵王町	かったぐんざおうまち
宮城県	丸森町	まるもりまち
宮城県	岩沼市	いわぬまし
宮城県	気仙沼市	けせんぬまし
宮城県	宮城郡七ヶ浜町	みやぎぐんしちがはままち
宮城県	宮城郡松島町	みやぎぐんまつしままち
宮城県	宮城郡利府町	みやぎぐんりふちょう
宮城県	宮城県	みやぎけん
宮城県	栗原市	くりはらし
宮城県	黒川郡大郷町	くろかわぐんおおさとちょう
宮城県	黒川郡大衡村	くろかわぐんおおひらむら
宮城県	黒川郡大和町	くろかわぐんたいわちょう
宮城県	山元町	やまもとちょう
宮城県	七ヶ宿町	しちかしゅくまち
宮城県	七ヶ浜町	しちがはままち
宮城県	柴田郡柴田町	しばたぐんしばたまち
宮城県	柴田郡川崎町	しばたぐんかわさきまち
宮城県	柴田郡村田町	しばたぐんむらたまち
宮城県	柴田郡大河原町	しばたぐんおおがわらまち
宮城県	柴田町	しばたまち
宮城県	女川町	おながわちょう
宮城県	松島町	まつしままち
宮城県	色麻町	しかまちょう
宮城県	石巻市	いしのまきし
宮城県	仙台市	せんだいし
宮城県	仙台市宮城野区	せんだいしみやぎのく
宮城県	仙台市若林区	せんだいしわかばやしく
宮城県	仙台市青葉区	せんだいしあおばく
宮城県	仙台市泉区	せんだいしいずみく
宮城県	仙台市太白区	せんだいしたいはくく
宮城県	川崎町	かわさきまち
宮城県	蔵王町	ざおうまち
宮城県	村田町	むらたまち
宮城県	多賀城市	たがじょうし
宮城県	大河原町	おおがわらまち
宮城県	大郷町	おおさとちょう
宮城県	大衡村	おおひらむら
宮城県	大崎市	おおさきし
宮城県	大和町	たいわちょう
宮城県	登米市	とめし
宮城県	東松島市	ひがしまつしまし
宮城県	南三陸町	みなみさんりくちょう
宮城県	白石市	しろいしし
宮城県	美里町	みさとまち
宮城県	富谷市	とみやし
宮城県	本吉郡南三陸町	もとよしぐんみなみさんりくちょう
宮城県	名取市	なとりし
宮城県	涌谷町	わくやちょう
宮城県	利府町	りふちょう
宮城県	亘理郡山元町	わたりぐんやまもとちょう
宮城県	亘理郡亘理町	わたりぐんわたりちょう
宮城県	亘理町	わたりちょう
京都府	綾部市	あやべし
京都府	伊根町	いねちょう
京都府	井手町	いでちょう
京都府	宇治市	うじし
京都府	宇治田原町	うじたわらちょう
京都府	乙訓郡大山崎町	おとくにぐんおおやまざきちょう
京都府	笠置町	かさぎちょう
京都府	亀岡市	かめおかし
京都府	久御山町	くみやまちょう
京都府	久世郡久御山町	くせぐんくみやまちょう
京都府	宮津市	みやづし
京都府	京丹後市	きょうたんごし
京都府	京丹波町	きょうたんばちょう
京都府	京田辺市	きょうたなべし
京都府	京都市	きょうとし
京都府	京都市右京区	きょうとしうきょうく
京都府	京都市下京区	きょうとししもぎょうく
京都府	京都市左京区	きょうとしさきょうく
京都府	京都市山科区	きょうとしやましなく
京都府	京都市上京区	きょうとしかみぎょうく
京都府	京都市西京区	きょうとしにしきょうく
京都府	京都市中京区	きょうとしなかぎょうく
京都府	京都市東山区	きょうとしひがしやまく
京都府	京都市南区	きょうとしみなみく
京都府	京都市伏見区	きょうとしふしみく
京都府	京都市北区	きょうとしきたく
京都府	京都府	きょうとふ
京都府	向日市	むこうし
京都府	城陽市	じょうようし
京都府	精華町	せいかちょう
京都府	船井郡京丹波町	ふないぐんきょうたんばちょう
京都府	相楽郡笠置町	そうらくぐんかさぎちょう
京都府	相楽郡精華町	そうらくぐんせいかちょう
京都府	相楽郡南山城村	そうらくぐんみなみやましろむら
京都府	相楽郡和束町	そうらくぐんわづかちょう
京都府	大山崎町	おおやまざきちょう
京都府	長岡京市	ながおかきょうし
京都府	綴喜郡井手町	つづきぐんいでちょう
京都府	綴喜郡宇治田原町	つづきぐんうじたわらちょう
京都府	南山城村	みなみやましろむら
京都府	南丹市	なんたんし
京都府	八幡市	やわたし
京都府	舞鶴市	まいづるし
京都府	福知山市	ふくちやまし
京都府	木津川市	きづがわし
京都府	与謝郡伊根町	よさぐんいねちょう
京都府	与謝郡与謝野町	よさぐんよさのちょう
京都府	与謝野町	よさのちょう
京都府	和束町	わづかちょう
熊本県	あさぎり町	あさぎりちょう
熊本県	阿蘇郡高森町	あそぐんたかもりまち
熊本県	阿蘇郡産山村	あそぐんうぶやまむら
熊本県	阿蘇郡小国町	あそぐんおぐにまち
熊本県	阿蘇郡西原村	あそぐんにしはらむら
熊本県	阿蘇郡南阿蘇村	あそぐんみなみあそむら
熊本県	阿蘇郡南小国町	あそぐんみなみおぐにまち
熊本県	阿蘇市	あそし
熊本県	葦北郡芦北町	あしきたぐんあしきたまち
熊本県	葦北郡津奈木町	あしきたぐんつなぎまち
熊本県	芦北町	あしきたまち
熊本県	宇城市	うきし
熊本県	宇土市	うとし
熊本県	益城町	ましきまち
熊本県	下益城郡美里町	しもましきぐんみさとまち
熊本県	嘉島町	かしままち
熊本県	菊池郡菊陽町	きくちぐんきくようまち
熊本県	菊池郡大津町	きくちぐんおおづまち
熊本県	菊池市	きくちし
熊本県	菊陽町	きくようまち
熊本県	球磨郡あさぎり町	くまぐんあさぎりちょう
熊本県	球磨郡球磨村	くまぐんくまむら
熊本県	球磨郡錦町	くまぐんにしきまち
熊本県	球磨郡五木村	くまぐんいつきむら
熊本県	球磨郡山江村	くまぐんやまえむら
熊本県	球磨郡水上村	くまぐんみずかみむら
熊本県	球磨郡相良村	くまぐんさがらむら
熊本県	球磨郡多良木町	くまぐんたらぎまち
熊本県	球磨郡湯前町	くまぐんゆのまえまち
熊本県	球磨村	くまむら
熊本県	玉東町	ぎょくとうまち
熊本県	玉名郡玉東町	たまなぐんぎょくとうまち
熊本県	玉名郡長洲町	たまなぐんながすまち
熊本県	玉名郡南関町	たまなぐんなんかんまち
熊本県	玉名郡和水町	たまなぐんなごみまち
熊本県	玉名市	たまなし
熊本県	錦町	にしきまち
熊本県	熊本県	くまもとけん
熊本県	熊本市	くまもとし
熊本県	熊本市西区	くまもとしにしく
熊本県	熊本市中央区	くまもとしちゅうおうく
熊本県	熊本市東区	くまもとしひがしく
熊本県	熊本市南区	くまもとしみなみく
熊本県	熊本市北区	くまもとしきたく
熊本県	五木村	いつきむら
熊本県	御船町	みふねまち
熊本県	甲佐町	こうさまち
熊本県	荒尾市	あらおし
熊本県	高森町	たかもりまち
熊本県	合志市	こうしし
熊本県	山江村	やまえむら
熊本県	山鹿市	やまがし
熊本県	山都町	やまとちょう
熊本県	産山村	うぶやまむら
熊本県	小国町	おぐにまち
熊本県	上益城郡益城町	かみましきぐんましきまち
熊本県	上益城郡嘉島町	かみましきぐんかしままち
熊本県	上益城郡御船町	かみましきぐんみふねまち
熊本県	上益城郡甲佐町	かみましきぐんこうさまち
熊本県	上益城郡山都町	かみましきぐんやまとちょう
熊本県	上天草市	かみあまくさし
熊本県	人吉市	ひとよしし
熊本県	水上村	みずかみむら
熊本県	水俣市	みなまたし
熊本県	西原村	にしはらむら
熊本県	相良村	さがらむら
熊本県	多良木町	たらぎまち
熊本県	大津町	おおづまち
熊本県	長洲町	ながすまち
熊本県	津奈木町	つなぎまち
熊本県	天草郡苓北町	あまくさぐんれいほくまち
熊本県	天草市	あまくさし
熊本県	湯前町	ゆのまえまち
熊本県	南阿蘇村	みなみあそむら
熊本県	南関町	なんかんまち
熊本県	南小国町	みなみおぐにまち
熊本県	八代郡氷川町	やつしろぐんひかわちょう
熊本県	八代市	やつしろし
熊本県	美里町	みさとまち
熊本県	氷川町	ひかわちょう
熊本県	苓北町	れいほくまち
熊本県	和水町	なごみまち
群馬県	みどり市	みどりし
群馬県	みなかみ町	みなかみまち
群馬県	安中市	あんなかし
群馬県	伊勢崎市	いせさきし
群馬県	下仁田町	しもにたまち
群馬県	甘楽郡下仁田町	かんらぐんしもにたまち
群馬県	甘楽郡甘楽町	かんらぐんかんらまち
群馬県	甘楽郡南牧村	かんらぐんなんもくむら
群馬県	甘楽町	かんらまち
群馬県	館林市	たてばやしし
群馬県	吉岡町	よしおかまち
群馬県	玉村町	たまむらまち
群馬県	桐生市	きりゅうし
群馬県	群馬県	ぐんまけん
群馬県	吾妻郡高山村	あがつまぐんたかやまむら
群馬県	吾妻郡草津町	あがつまぐんくさつまち
群馬県	吾妻郡中之条町	あがつまぐんなかのじょうまち
群馬県	吾妻郡長野原町	あがつまぐんながのはらまち
群馬県	吾妻郡嬬恋村	あがつまぐんつまごいむら
群馬県	吾妻郡東吾妻町	あがつまぐんひがしあがつままち
群馬県	高崎市	たかさきし
群馬県	高山村	たかやまむら
群馬県	佐波郡玉村町	さわぐんたまむらまち
群馬県	渋川市	しぶかわし
群馬県	昭和村	しょうわむら
群馬県	沼田市	ぬまたし
群馬県	上野村	うえのむら
群馬県	榛東村	しんとうむら
群馬県	神流町	かんなまち
群馬県	千代田町	ちよだまち
群馬県	川場村	かわばむら
群馬県	前橋市	まえばしし
群馬県	草津町	くさつまち
群馬県	多野郡上野村	たのぐんうえのむら
群馬県	多野郡神流町	たのぐんかんなまち
群馬県	太田市	おおたし
群馬県	大泉町	おおいずみまち
群馬県	中之条町	なかのじょうまち
群馬県	長野原町	ながのはらまち
群馬県	嬬恋村	つまごいむら
群馬県	東吾妻町	ひがしあがつままち
群馬県	藤岡市	ふじおかし
群馬県	南牧村	なんもくむら
群馬県	板倉町	いたくらまち
群馬県	富岡市	とみおかし
群馬県	片品村	かたしなむら
群馬県	北群馬郡吉岡町	きたぐんまぐんよしおかまち
群馬県	北群馬郡榛東村	きたぐんまぐんしんとうむら
群馬県	明和町	めいわまち
群馬県	邑楽郡千代田町	おうらぐんちよだまち
群馬県	邑楽郡大泉町	おうらぐんおおいずみまち
群馬県	邑楽郡板倉町	おうらぐんいたくらまち
群馬県	邑楽郡明和町	おうらぐんめいわまち
群馬県	邑楽郡邑楽町	おうらぐんおうらまち
群馬県	邑楽町	おうらまち
群馬県	利根郡みなかみ町	とねぐんみなかみまち
群馬県	利根郡昭和村	とねぐんしょうわむら
群馬県	利根郡川場村	とねぐんかわばむら
群馬県	利根郡片品村	とねぐんかたしなむら
広島県	安芸郡海田町	あきぐんかいたちょう
広島県	安芸郡熊野町	あきぐんくまのちょう
広島県	安芸郡坂町	あきぐんさかちょう
広島県	安芸郡府中町	あきぐんふちゅうちょう
広島県	安芸高田市	あきたかたし
広島県	安芸太田町	あきおおたちょう
広島県	海田町	かいたちょう
広島県	熊野町	くまのちょう
広島県	呉市	くれし
広島県	広島県	ひろしまけん
広島県	広島市	ひろしまし
広島県	広島市安芸区	ひろしましあきく
広島県	広島市安佐南区	ひろしましあさみなみく
広島県	広島市安佐北区	ひろしましあさきたく
広島県	広島市佐伯区	ひろしましさえきく
広島県	広島市西区	ひろしましにしく
広島県	広島市中区	ひろしましなかく
広島県	広島市東区	ひろしましひがしく
広島県	広島市南区	ひろしましみなみく
広島県	江田島市	えたじまし
広島県	坂町	さかちょう
広島県	三原市	みはらし
広島県	三次市	みよしし
広島県	山県郡安芸太田町	やまがたぐんあきおおたちょう
広島県	山県郡北広島町	やまがたぐんきたひろしまちょう
広島県	庄原市	しょうばらし
広島県	神石郡神石高原町	じんせきぐんじんせきこうげんちょう
広島県	神石高原町	じんせきこうげんちょう
広島県	世羅郡世羅町	せらぐんせらちょう
広島県	世羅町	せらちょう
広島県	大崎上島町	おおさきかみじまちょう
広島県	大竹市	おおたけし
広島県	竹原市	たけはらし
広島県	東広島市	ひがしひろしまし
広島県	廿日市市	はつかいちし
広島県	尾道市	おのみちし
広島県	府中市	ふちゅうし
広島県	府中町	ふちゅうちょう
広島県	福山市	ふくやまし
広島県	豊田郡大崎上島町	とよたぐんおおさきかみじまちょう
広島県	北広島町	きたひろしまちょう
香川県	さぬき市	さぬきし
香川県	まんのう町	まんのうちょう
香川県	綾歌郡綾川町	あやうたぐんあやがわちょう
香川県	綾歌郡宇多津町	あやうたぐんうたづちょう
香川県	綾川町	あやがわちょう
香川県	宇多津町	うたづちょう
香川県	観音寺市	かんおんじし
香川県	丸亀市	まるがめし
香川県	琴平町	ことひらちょう
香川県	香川郡直島町	かがわぐんなおしまちょう
香川県	香川県	かがわけん
香川県	高松市	たかまつし
香川県	坂出市	さかいでし
香川県	三豊市	みとよし
香川県	三木町	みきちょう
香川県	小豆郡小豆島町	しょうずぐんしょうどしまちょう
香川県	小豆郡土庄町	しょうずぐんとのしょうちょう
香川県	小豆島町	しょうどしまちょう
香川県	善通寺市	ぜんつうじし
香川県	多度津町	たどつちょう
香川県	仲多度郡まんのう町	なかたどぐんまんのうちょう
香川県	仲多度郡琴平町	なかたどぐんことひらちょう
香川県	仲多度郡多度津町	なかたどぐんたどつちょう
香川県	直島町	なおしまちょう
香川県	土庄町	とのしょうちょう
香川県	東かがわ市	ひがしかがわし
香川県	木田郡三木町	きたぐんみきちょう
高知県	いの町	いのちょう
高知県	安芸郡安田町	あきぐんやすだちょう
高知県	安芸郡芸西村	あきぐんげいせいむら
高知県	安芸郡田野町	あきぐんたのちょう
高知県	安芸郡東洋町	あきぐんとうようちょう
高知県	安芸郡奈半利町	あきぐんなはりちょう
高知県	安芸郡馬路村	あきぐんうまじむら
高知県	安芸郡北川村	あきぐんきたがわむら
高知県	安芸市	あきし
高知県	安田町	やすだちょう
高知県	越知町	おちちょう
高知県	芸西村	げいせいむら
高知県	吾川郡いの町	あがわぐんいのちょう
高知県	吾川郡仁淀川町	あがわぐんによどがわちょう
高知県	香南市	こうなんし
高知県	香美市	かみし
高知県	高岡郡越知町	たかおかぐんおちちょう
高知県	高岡郡佐川町	たかおかぐんさかわちょう
高知県	高岡郡四万十町	たかおかぐんしまんとちょう
高知県	高岡郡中土佐町	たかおかぐんなかとさちょう
高知県	高岡郡津野町	たかおかぐんつのちょう
高知県	高岡郡日高村	たかおかぐんひだかむら
高知県	高岡郡檮原町	たかおかぐんゆすはらちょう
高知県	高知県	こうちけん
高知県	高知市	こうちし
高知県	黒潮町	くろしおちょう
高知県	佐川町	さかわちょう
高知県	三原村	みはらむら
高知県	四万十市	しまんとし
高知県	四万十町	しまんとちょう
高知県	室戸市	むろとし
高知県	宿毛市	すくもし
高知県	仁淀川町	によどがわちょう
高知県	須崎市	すさきし
高知県	大月町	おおつきちょう
高知県	大川村	おおかわむら
高知県	大豊町	おおとよちょう
高知県	中土佐町	なかとさちょう
高知県	長岡郡大豊町	ながおかぐんおおとよちょう
高知県	長岡郡本山町	ながおかぐんもとやまちょう
高知県	津野町	つのちょう
高知県	田野町	たのちょう
高知県	土佐郡大川村	とさぐんおおかわむら
高知県	土佐郡土佐町	とさぐんとさちょう
高知県	土佐市	とさし
高知県	土佐清水市	とさしみずし
高知県	土佐町	とさちょう
高知県	東洋町	とうようちょう
高知県	奈半利町	なはりちょう
高知県	南国市	なんこくし
高知県	日高村	ひだかむら
高知県	馬路村	うまじむら
高知県	幡多郡黒潮町	はたぐんくろしおちょう
高知県	幡多郡三原村	はたぐんみはらむら
高知県	幡多郡大月町	はたぐんおおつきちょう
高知県	北川村	きたがわむら
高知県	本山町	もとやまちょう
高知県	檮原町	ゆすはらちょう
佐賀県	みやき町	みやきちょう
佐賀県	伊万里市	いまりし
佐賀県	基山町	きやまちょう
佐賀県	嬉野市	うれしのし
佐賀県	吉野ヶ里町	よしのがりちょう
佐賀県	杵島郡江北町	きしまぐんこうほくまち
佐賀県	杵島郡大町町	きしまぐんおおまちちょう
佐賀県	杵島郡白石町	きしまぐんしろいしちょう
佐賀県	玄海町	げんかいちょう
佐賀県	江北町	こうほくまち
佐賀県	佐賀県	さがけん
佐賀県	佐賀市	さがし
佐賀県	三養基郡みやき町	みやきぐんみやきちょう
佐賀県	三養基郡基山町	みやきぐんきやまちょう
佐賀県	三養基郡上峰町	みやきぐんかみみねちょう
佐賀県	鹿島市	かしまし
佐賀県	小城市	おぎし
佐賀県	上峰町	かみみねちょう
佐賀県	神埼郡吉野ヶ里町	かんざきぐんよしのがりちょう
佐賀県	神埼市	かんざきし
佐賀県	西松浦郡有田町	にしまつうらぐんありたちょう
佐賀県	多久市	たくし
佐賀県	太良町	たらちょう
佐賀県	大町町	おおまちちょう
佐賀県	鳥栖市	とすし
佐賀県	唐津市	からつし
佐賀県	東松浦郡玄海町	ひがしまつうらぐんげんかいちょう
佐賀県	藤津郡太良町	ふじつぐんたらちょう
佐賀県	白石町	しろいしちょう
佐賀県	武雄市	たけおし
佐賀県	有田町	ありたちょう
埼玉県	さいたま市	さいたまし
埼玉県	さいたま市浦和区	さいたましうらわく
埼玉県	さいたま市岩槻区	さいたましいわつきく
埼玉県	さいたま市見沼区	さいたましみぬまく
埼玉県	さいたま市桜区	さいたましさくらく
埼玉県	さいたま市西区	さいたましにしく
埼玉県	さいたま市大宮区	さいたましおおみやく
埼玉県	さいたま市中央区	さいたましちゅうおうく
埼玉県	さいたま市南区	さいたましみなみく
埼玉県	さいたま市北区	さいたましきたく
埼玉県	さいたま市緑区	さいたましみどりく
埼玉県	ときがわ町	ときがわまち
埼玉県	ふじみ野市	ふじみのし
埼玉県	伊奈町	いなまち
埼玉県	羽生市	はにゅうし
埼玉県	越生町	おごせまち
埼玉県	越谷市	こしがやし
埼玉県	横瀬町	よこぜまち
埼玉県	桶川市	おけがわし
埼玉県	加須市	かぞし
埼玉県	皆野町	みなのまち
埼玉県	滑川町	なめがわまち
埼玉県	寄居町	よりいまち
埼玉県	吉見町	よしみまち
埼玉県	吉川市	よしかわし
埼玉県	久喜市	くきし
埼玉県	宮代町	みやしろまち
埼玉県	狭山市	さやまし
埼玉県	熊谷市	くまがやし
埼玉県	戸田市	とだし
埼玉県	幸手市	さってし
埼玉県	行田市	ぎょうだし
埼玉県	鴻巣市	こうのすし
埼玉県	坂戸市	さかどし
埼玉県	埼玉県	さいたまけん
埼玉県	三郷市	みさとし
埼玉県	三芳町	みよしまち
埼玉県	志木市	しきし
埼玉県	児玉郡上里町	こだまぐんかみさとまち
埼玉県	児玉郡神川町	こだまぐんかみかわまち
埼玉県	児玉郡美里町	こだまぐんみさとまち
埼玉県	春日部市	かすかべし
埼玉県	所沢市	ところざわし
埼玉県	小鹿野町	おがのまち
埼玉県	小川町	おがわまち
埼玉県	松伏町	まつぶしまち
埼玉県	上尾市	あげおし
埼玉県	上里町	かみさとまち
埼玉県	新座市	にいざし
埼玉県	深谷市	ふかやし
埼玉県	神川町	かみかわまち
埼玉県	杉戸町	すぎとまち
埼玉県	川越市	かわごえし
埼玉県	川口市	かわぐちし
埼玉県	川島町	かわじままち
埼玉県	草加市	そうかし
埼玉県	大里郡寄居町	おおさとぐんよりいまち
埼玉県	秩父郡横瀬町	ちちぶぐんよこぜまち
埼玉県	秩父郡皆野町	ちちぶぐんみなのまち
埼玉県	秩父郡小鹿野町	ちちぶぐんおがのまち
埼玉県	秩父郡長瀞町	ちちぶぐんながとろまち
埼玉県	秩父郡東秩父村	ちちぶぐんひがしちちぶむら
埼玉県	秩父市	ちちぶし
埼玉県	朝霞市	あさかし
埼玉県	長瀞町	ながとろまち
埼玉県	鶴ヶ島市	つるがしまし
埼玉県	東松山市	ひがしまつやまし
埼玉県	東秩父村	ひがしちちぶむら
埼玉県	南埼玉郡宮代町	みなみさいたまぐんみやしろまち
埼玉県	日高市	ひだかし
埼玉県	入間郡越生町	いるまぐんおごせまち
埼玉県	入間郡三芳町	いるまぐんみよしまち
埼玉県	入間郡毛呂山町	いるまぐんもろやままち
埼玉県	入間市	いるまし
埼玉県	白岡市	しらおかし
埼玉県	八潮市	やしおし
埼玉県	鳩山町	はとやままち
埼玉県	飯能市	はんのうし
埼玉県	比企郡ときがわ町	ひきぐんときがわまち
埼玉県	比企郡滑川町	ひきぐんなめがわまち
埼玉県	比企郡吉見町	ひきぐんよしみまち
埼玉県	比企郡小川町	ひきぐんおがわまち
埼玉県	比企郡川島町	ひきぐんかわじままち
埼玉県	比企郡鳩山町	ひきぐんはとやままち
埼玉県	比企郡嵐山町	ひきぐんらんざんまち
埼玉県	美里町	みさとまち
埼玉県	富士見市	ふじみし
埼玉県	北葛飾郡松伏町	きたかつしかぐんまつぶしまち
埼玉県	北葛飾郡杉戸町	きたかつしかぐんすぎとまち
埼玉県	北足立郡伊奈町	きたあだちぐんいなまち
埼玉県	北本市	きたもとし
埼玉県	本庄市	ほんじょうし
埼玉県	毛呂山町	もろやままち
埼玉県	嵐山町	らんざんまち
埼玉県	蓮田市	はすだし
埼玉県	和光市	わこうし
埼玉県	蕨市	わらびし
三重県	いなべ市	いなべし
三重県	伊賀市	いがし
三重県	伊勢市	いせし
三重県	員弁郡東員町	いなべぐんとういんちょう
三重県	紀宝町	きほうちょう
三重県	紀北町	きほくちょう
三重県	亀山市	かめやまし
三重県	玉城町	たまきちょう
三重県	熊野市	くまのし
三重県	桑名郡木曽岬町	くわなぐんきそさきちょう
三重県	桑名市	くわなし
三重県	菰野町	こものちょう
三重県	御浜町	みはまちょう
三重県	三重郡菰野町	みえぐんこものちょう
三重県	三重郡川越町	みえぐんかわごえちょう
三重県	三重郡朝日町	みえぐんあさひちょう
三重県	三重県	みえけん
三重県	四日市市	よっかいちし
三重県	志摩市	しまし
三重県	松阪市	まつさかし
三重県	川越町	かわごえちょう
三重県	多気郡多気町	たきぐんたきちょう
三重県	多気郡大台町	たきぐんおおだいちょう
三重県	多気郡明和町	たきぐんめいわちょう
三重県	多気町	たきちょう
三重県	大紀町	たいきちょう
三重県	大台町	おおだいちょう
三重県	朝日町	あさひちょう
三重県	鳥羽市	とばし
三重県	津市	つし
三重県	度会郡玉城町	わたらいぐんたまきちょう
三重県	度会郡大紀町	わたらいぐんたいきちょう
三重県	度会郡度会町	わたらいぐんわたらいちょう
三重県	度会郡南伊勢町	わたらいぐんみなみいせちょう
三重県	度会町	わたらいちょう
三重県	東員町	とういんちょう
三重県	南伊勢町	みなみいせちょう
三重県	南牟婁郡紀宝町	みなみむろぐんきほうちょう
三重県	南牟婁郡御浜町	みなみむろぐんみはまちょう
三重県	尾鷲市	おわせし
三重県	北牟婁郡紀北町	きたむろぐんきほくちょう
三重県	名張市	なばりし
三重県	明和町	めいわちょう
三重県	木曽岬町	きそさきちょう
三重県	鈴鹿市	すずかし
山形県	河北町	かほくちょう
山形県	寒河江市	さがえし
山形県	金山町	かねやままち
山形県	戸沢村	とざわむら
山形県	高畠町	たかはたまち
山形県	最上郡金山町	もがみぐんかねやままち
山形県	最上郡戸沢村	もがみぐんとざわむら
山形県	最上郡最上町	もがみぐんもがみまち
山形県	最上郡鮭川村	もがみぐんさけがわむら
山形県	最上郡舟形町	もがみぐんふながたまち
山形県	最上郡真室川町	もがみぐんまむろがわまち
山形県	最上郡大蔵村	もがみぐんおおくらむら
山形県	最上町	もがみまち
山形県	鮭川村	さけがわむら
山形県	三川町	みかわまち
山形県	山形県	やまがたけん
山形県	山形市	やまがたし
山形県	山辺町	やまのべまち
山形県	酒田市	さかたし
山形県	舟形町	ふながたまち
山形県	小国町	おぐにまち
山形県	庄内町	しょうないまち
山形県	上山市	かみのやまし
山形県	新庄市	しんじょうし
山形県	真室川町	まむろがわまち
山形県	西川町	にしかわまち
山形県	西村山郡河北町	にしむらやまぐんかほくちょう
山形県	西村山郡西川町	にしむらやまぐんにしかわまち
山形県	西村山郡大江町	にしむらやまぐんおおえまち
山形県	西村山郡朝日町	にしむらやまぐんあさひまち
山形県	西置賜郡小国町	にしおきたまぐんおぐにまち
山形県	西置賜郡白鷹町	にしおきたまぐんしらたかまち
山形県	西置賜郡飯豊町	にしおきたまぐんいいでまち
山形県	川西町	かわにしまち
山形県	村山市	むらやまし
山形県	大江町	おおえまち
山形県	大石田町	おおいしだまち
山形県	大蔵村	おおくらむら
山形県	中山町	なかやままち
山形県	朝日町	あさひまち
山形県	長井市	ながいし
山形県	鶴岡市	つるおかし
山形県	天童市	てんどうし
山形県	東根市	ひがしねし
山形県	東村山郡山辺町	ひがしむらやまぐんやまのべまち
山形県	東村山郡中山町	ひがしむらやまぐんなかやままち
山形県	東置賜郡高畠町	ひがしおきたまぐんたかはたまち
山形県	東置賜郡川西町	ひがしおきたまぐんかわにしまち
山形県	東田川郡三川町	ひがしたがわぐんみかわまち
山形県	東田川郡庄内町	ひがしたがわぐんしょうないまち
山形県	南陽市	なんようし
山形県	白鷹町	しらたかまち
山形県	飯豊町	いいでまち
山形県	尾花沢市	おばなざわし
山形県	米沢市	よねざわし
山形県	飽海郡遊佐町	あくみぐんゆざまち
山形県	北村山郡大石田町	きたむらやまぐんおおいしだまち
山形県	遊佐町	ゆざまち
山口県	阿武郡阿武町	あぶぐんあぶちょう
山口県	阿武町	あぶちょう
山口県	宇部市	うべし
山口県	下関市	しものせきし
山口県	下松市	くだまつし
山口県	岩国市	いわくにし
山口県	玖珂郡和木町	くがぐんわきちょう
山口県	熊毛郡上関町	くまげぐんかみのせきちょう
山口県	熊毛郡田布施町	くまげぐんたぶせちょう
山口県	熊毛郡平生町	くまげぐんひらおちょう
山口県	光市	ひかりし
山口県	山口県	やまぐちけん
山口県	山口市	やまぐちし
山口県	山陽小野田市	さんようおのだし
山口県	周南市	しゅうなんし
山口県	周防大島町	すおうおおしまちょう
山口県	上関町	かみのせきちょう
山口県	大島郡周防大島町	おおしまぐんすおうおおしまちょう
山口県	長門市	ながとし
山口県	田布施町	たぶせちょう
山口県	萩市	はぎし
山口県	美祢市	みねし
山口県	平生町	ひらおちょう
山口県	防府市	ほうふし
山口県	柳井市	やないし
山口県	和木町	わきちょう
山梨県	甲州市	こうしゅうし
山梨県	甲斐市	かいし
山梨県	甲府市	こうふし
山梨県	山中湖村	やまなかこむら
山梨県	山梨県	やまなしけん
山梨県	山梨市	やまなしし
山梨県	市川三郷町	いちかわみさとちょう
山梨県	小菅村	こすげむら
山梨県	昭和町	しょうわちょう
山梨県	上野原市	うえのはらし
山梨県	身延町	みのぶちょう
山梨県	西桂町	にしかつらちょう
山梨県	西八代郡市川三郷町	にしやつしろぐんいちかわみさとちょう
山梨県	早川町	はやかわちょう
山梨県	大月市	おおつきし
山梨県	丹波山村	たばやまむら
山梨県	中央市	ちゅうおうし
山梨県	中巨摩郡昭和町	なかこまぐんしょうわちょう
山梨県	笛吹市	ふえふきし
山梨県	都留市	つるし
山梨県	道志村	どうしむら
山梨県	南アルプス市	みなみあるぷすし
山梨県	南巨摩郡身延町	みなみこまぐんみのぶちょう
山梨県	南巨摩郡早川町	みなみこまぐんはやかわちょう
山梨県	南巨摩郡南部町	みなみこまぐんなんぶちょう
山梨県	南巨摩郡富士川町	みなみこまぐんふじかわちょう
山梨県	南都留郡山中湖村	みなみつるぐんやまなかこむら
山梨県	南都留郡西桂町	みなみつるぐんにしかつらちょう
山梨県	南都留郡道志村	みなみつるぐんどうしむら
山梨県	南都留郡忍野村	みなみつるぐんおしのむら
山梨県	南都留郡富士河口湖町	みなみつるぐんふじかわぐちこまち
山梨県	南都留郡鳴沢村	みなみつるぐんなるさわむら
山梨県	南部町	なんぶちょう
山梨県	韮崎市	にらさきし
山梨県	忍野村	おしのむら
山梨県	富士河口湖町	ふじかわぐちこまち
山梨県	富士吉田市	ふじよしだし
山梨県	富士川町	ふじかわちょう
山梨県	北杜市	ほくとし
山梨県	北都留郡小菅村	きたつるぐんこすげむら
山梨県	北都留郡丹波山村	きたつるぐんたばやまむら
山梨県	鳴沢村	なるさわむら
滋賀県	愛荘町	あいしょうちょう
滋賀県	愛知郡愛荘町	えちぐんあいしょうちょう
滋賀県	蒲生郡日野町	がもうぐんひのちょう
滋賀県	蒲生郡竜王町	がもうぐんりゅうおうちょう
滋賀県	近江八幡市	おうみはちまんし
滋賀県	栗東市	りっとうし
滋賀県	犬上郡甲良町	いぬかみぐんこうらちょう
滋賀県	犬上郡多賀町	いぬかみぐんたがちょう
滋賀県	犬上郡豊郷町	いぬかみぐんとよさとちょう
滋賀県	湖南市	こなんし
滋賀県	甲賀市	こうかし
滋賀県	甲良町	こうらちょう
滋賀県	高島市	たかしまし
滋賀県	滋賀県	しがけん
滋賀県	守山市	もりやまし
滋賀県	草津市	くさつし
滋賀県	多賀町	たがちょう
滋賀県	大津市	おおつし
滋賀県	長浜市	ながはまし
滋賀県	東近江市	ひがしおうみし
滋賀県	日野町	ひのちょう
滋賀県	彦根市	ひこねし
滋賀県	米原市	まいばらし
滋賀県	豊郷町	とよさとちょう
滋賀県	野洲市	やすし
滋賀県	竜王町	りゅうおうちょう
鹿児島県	いちき串木野市	いちきくしきのし
鹿児島県	さつま町	さつまちょう
鹿児島県	阿久根市	あくねし
鹿児島県	姶良郡湧水町	あいらぐんゆうすいちょう
鹿児島県	姶良市	あいらし
鹿児島県	伊佐市	いさし
鹿児島県	伊仙町	いせんちょう
鹿児島県	宇検村	うけんそん
鹿児島県	奄美市	あまみし
鹿児島県	屋久島町	やくしまちょう
鹿児島県	肝属郡肝付町	きもつきぐんきもつきちょう
鹿児島県	肝属郡錦江町	きもつきぐんきんこうちょう
鹿児島県	肝属郡東串良町	きもつきぐんひがしくしらちょう
鹿児島県	肝属郡南大隅町	きもつきぐんみなみおおすみちょう
鹿児島県	肝付町	きもつきちょう
鹿児島県	喜界町	きかいちょう
鹿児島県	錦江町	きんこうちょう
鹿児島県	熊毛郡屋久島町	くまげぐんやくしまちょう
鹿児島県	熊毛郡中種子町	くまげぐんなかたねちょう
鹿児島県	熊毛郡南種子町	くまげぐんみなみたねちょう
鹿児島県	薩摩郡さつま町	さつまぐんさつまちょう
鹿児島県	薩摩川内市	さつませんだいし
鹿児島県	三島村	みしまむら
鹿児島県	志布志市	しぶしし
鹿児島県	指宿市	いぶすきし
鹿児島県	鹿屋市	かのやし
鹿児島県	鹿児島郡三島村	かごしまぐんみしまむら
鹿児島県	鹿児島郡十島村	かごしまぐんとしまむら
鹿児島県	鹿児島県	かごしまけん
鹿児島県	鹿児島市	かごしまし
鹿児島県	十島村	としまむら
鹿児島県	出水郡長島町	いずみぐんながしまちょう
鹿児島県	出水市	いずみし
鹿児島県	垂水市	たるみずし
鹿児島県	瀬戸内町	せとうちちょう
鹿児島県	西之表市	にしのおもてし
鹿児島県	曽於郡大崎町	そおぐんおおさきちょう
鹿児島県	曽於市	そおし
鹿児島県	大崎町	おおさきちょう
鹿児島県	大島郡伊仙町	おおしまぐんいせんちょう
鹿児島県	大島郡宇検村	おおしまぐんうけんそん
鹿児島県	大島郡喜界町	おおしまぐんきかいちょう
鹿児島県	大島郡瀬戸内町	おおしまぐんせとうちちょう
鹿児島県	大島郡大和村	おおしまぐんやまとそん
鹿児島県	大島郡知名町	おおしまぐんちなちょう
鹿児島県	大島郡天城町	おおしまぐんあまぎちょう
鹿児島県	大島郡徳之島町	おおしまぐんとくのしまちょう
鹿児島県	大島郡与論町	おおしまぐんよろんちょう
鹿児島県	大島郡龍郷町	おおしまぐんたつごうちょう
鹿児島県	大島郡和泊町	おおしまぐんわどまりちょう
鹿児島県	大和村	やまとそん
鹿児島県	知名町	ちなちょう
鹿児島県	中種子町	なかたねちょう
鹿児島県	長島町	ながしまちょう
鹿児島県	天城町	あまぎちょう
鹿児島県	東串良町	ひがしくしらちょう
鹿児島県	徳之島町	とくのしまちょう
鹿児島県	南さつま市	みなみさつまし
鹿児島県	南九州市	みなみきゅうしゅうし
鹿児島県	南種子町	みなみたねちょう
鹿児島県	南大隅町	みなみおおすみちょう
鹿児島県	日置市	ひおきし
鹿児島県	枕崎市	まくらざきし
鹿児島県	霧島市	きりしまし
鹿児島県	湧水町	ゆうすいちょう
鹿児島県	与論町	よろんちょう
鹿児島県	龍郷町	たつごうちょう
鹿児島県	和泊町	わどまりちょう
秋田県	にかほ市	にかほし
秋田県	井川町	いかわまち
秋田県	羽後町	うごまち
秋田県	横手市	よこてし
秋田県	潟上市	かたがみし
秋田県	五城目町	ごじょうめまち
秋田県	三種町	みたねちょう
秋田県	山本郡三種町	やまもとぐんみたねちょう
秋田県	山本郡藤里町	やまもとぐんふじさとまち
秋田県	山本郡八峰町	やまもとぐんはっぽうちょう
秋田県	鹿角郡小坂町	かづのぐんこさかまち
秋田県	鹿角市	かづのし
秋田県	秋田県	あきたけん
秋田県	秋田市	あきたし
秋田県	小坂町	こさかまち
秋田県	上小阿仁村	かみこあにむら
秋田県	仙北郡美郷町	せんぼくぐんみさとちょう
秋田県	仙北市	せんぼくし
秋田県	大潟村	おおがたむら
秋田県	大館市	おおだてし
秋田県	大仙市	だいせんし
秋田県	男鹿市	おがし
秋田県	東成瀬村	ひがしなるせむら
秋田県	湯沢市	ゆざわし
秋田県	藤里町	ふじさとまち
秋田県	南秋田郡井川町	みなみあきたぐんいかわまち
秋田県	南秋田郡五城目町	みなみあきたぐんごじょうめまち
秋田県	南秋田郡大潟村	みなみあきたぐんおおがたむら
秋田県	南秋田郡八郎潟町	みなみあきたぐんはちろうがたまち
秋田県	能代市	のしろし
秋田県	八峰町	はっぽうちょう
秋田県	八郎潟町	はちろうがたまち
秋田県	美郷町	みさとちょう
秋田県	北秋田郡上小阿仁村	きたあきたぐんかみこあにむら
秋田県	北秋田市	きたあきたし
秋田県	由利本荘市	ゆりほんじょうし
秋田県	雄勝郡羽後町	おがちぐんうごまち
秋田県	雄勝郡東成瀬村	おがちぐんひがしなるせむら
新潟県	阿賀町	あがまち
新潟県	阿賀野市	あがのし
新潟県	粟島浦村	あわしまうらむら
新潟県	燕市	つばめし
新潟県	加茂市	かもし
新潟県	刈羽郡刈羽村	かりわぐんかりわむら
新潟県	刈羽村	かりわむら
新潟県	関川村	せきかわむら
新潟県	岩船郡粟島浦村	いわふねぐんあわしまうらむら
新潟県	岩船郡関川村	いわふねぐんせきかわむら
新潟県	魚沼市	うおぬまし
新潟県	見附市	みつけし
新潟県	五泉市	ごせんし
新潟県	佐渡市	さどし
新潟県	三条市	さんじょうし
新潟県	三島郡出雲崎町	さんとうぐんいずもざきまち
新潟県	糸魚川市	いといがわし
新潟県	十日町市	とおかまちし
新潟県	出雲崎町	いずもざきまち
新潟県	小千谷市	おぢやし
新潟県	上越市	じょうえつし
新潟県	新潟県	にいがたけん
新潟県	新潟市	にいがたし
新潟県	新潟市江南区	にいがたしこうなんく
新潟県	新潟市秋葉区	にいがたしあきはく
新潟県	新潟市西蒲区	にいがたしにしかんく
新潟県	新潟市西区	にいがたしにしく
新潟県	新潟市中央区	にいがたしちゅうおうく
新潟県	新潟市東区	にいがたしひがしく
新潟県	新潟市南区	にいがたしみなみく
新潟県	新潟市北区	にいがたしきたく
新潟県	新発田市	しばたし
新潟県	聖籠町	せいろうまち
新潟県	西蒲原郡弥彦村	にしかんばらぐんやひこむら
新潟県	村上市	むらかみし
新潟県	胎内市	たいないし
新潟県	中魚沼郡津南町	なかうおぬまぐんつなんまち
新潟県	長岡市	ながおかし
新潟県	津南町	つなんまち
新潟県	田上町	たがみまち
新潟県	東蒲原郡阿賀町	ひがしかんばらぐんあがまち
新潟県	湯沢町	ゆざわまち
新潟県	南蒲原郡田上町	みなみかんばらぐんたがみまち
新潟県	南魚沼郡湯沢町	みなみうおぬまぐんゆざわまち
新潟県	南魚沼市	みなみうおぬまし
新潟県	柏崎市	かしわざきし
新潟県	北蒲原郡聖籠町	きたかんばらぐんせいろうまち
新潟県	妙高市	みょうこうし
新潟県	弥彦村	やひこむら
神奈川県	愛甲郡愛川町	あいこうぐんあいかわまち
神奈川県	愛甲郡清川村	あいこうぐんきよかわむら
神奈川県	愛川町	あいかわまち
神奈川県	綾瀬市	あやせし
神奈川県	伊勢原市	いせはらし
神奈川県	横須賀市	よこすかし
神奈川県	横浜市	よこはまし
神奈川県	横浜市旭区	よこはましあさひく
神奈川県	横浜市磯子区	よこはましいそごく
神奈川県	横浜市栄区	よこはましさかえく
神奈川県	横浜市金沢区	よこはましかなざわく
神奈川県	横浜市戸塚区	よこはましとつかく
神奈川県	横浜市港南区	よこはましこうなんく
神奈川県	横浜市港北区	よこはましこうほくく
神奈川県	横浜市神奈川区	よこはましかながわく
神奈川県	横浜市瀬谷区	よこはましせやく
神奈川県	横浜市西区	よこはましにしく
神奈川県	横浜市青葉区	よこはましあおばく
神奈川県	横浜市泉区	よこはましいずみく
神奈川県	横浜市中区	よこはましなかく
神奈川県	横浜市鶴見区	よこはましつるみく
神奈川県	横浜市都筑区	よこはましつづきく
神奈川県	横浜市南区	よこはましみなみく
神奈川県	横浜市保土ケ谷区	よこはましほどがやく
神奈川県	横浜市緑区	よこはましみどりく
神奈川県	海老名市	えびなし
神奈川県	開成町	かいせいまち
神奈川県	鎌倉市	かまくらし
神奈川県	茅ヶ崎市	ちがさきし
神奈川県	寒川町	さむかわまち
神奈川県	厚木市	あつぎし
神奈川県	高座郡寒川町	こうざぐんさむかわまち
神奈川県	座間市	ざまし
神奈川県	三浦郡葉山町	みうらぐんはやままち
神奈川県	三浦市	みうらし
神奈川県	山北町	やまきたまち
神奈川県	小田原市	おだわらし
神奈川県	松田町	まつだまち
神奈川県	真鶴町	まなづるまち
神奈川県	神奈川県	かながわけん
神奈川県	秦野市	はだのし
神奈川県	逗子市	ずしし
神奈川県	清川村	きよかわむら
神奈川県	川崎市	かわさきし
神奈川県	川崎市宮前区	かわさきしみやまえく
神奈川県	川崎市幸区	かわさきしさいわいく
神奈川県	川崎市高津区	かわさきしたかつく
神奈川県	川崎市川崎区	かわさきしかわさきく
神奈川県	川崎市多摩区	かわさきしたまく
神奈川県	川崎市中原区	かわさきしなかはらく
神奈川県	川崎市麻生区	かわさきしあさおく
神奈川県	相模原市	さがみはらし
神奈川県	相模原市中央区	さがみはらしちゅうおうく
神奈川県	相模原市南区	さがみはらしみなみく
神奈川県	相模原市緑区	さがみはらしみどりく
神奈川県	足柄下郡真鶴町	あしがらしもぐんまなづるまち
神奈川県	足柄下郡湯河原町	あしがらしもぐんゆがわらまち
神奈川県	足柄下郡箱根町	あしがらしもぐんはこねまち
神奈川県	足柄上郡開成町	あしがらかみぐんかいせいまち
神奈川県	足柄上郡山北町	あしがらかみぐんやまきたまち
神奈川県	足柄上郡松田町	あしがらかみぐんまつだまち
神奈川県	足柄上郡大井町	あしがらかみぐんおおいまち
神奈川県	足柄上郡中井町	あしがらかみぐんなかいまち
神奈川県	大井町	おおいまち
神奈川県	大磯町	おおいそまち
神奈川県	大和市	やまとし
神奈川県	中井町	なかいまち
神奈川県	中郡大磯町	なかぐんおおいそまち
神奈川県	中郡二宮町	なかぐんにのみやまち
神奈川県	湯河原町	ゆがわらまち
神奈川県	藤沢市	ふじさわし
神奈川県	南足柄市	みなみあしがらし
神奈川県	二宮町	にのみやまち
神奈川県	箱根町	はこねまち
神奈川県	平塚市	ひらつかし
神奈川県	葉山町	はやままち
青森県	おいらせ町	おいらせちょう
青森県	つがる市	つがるし
青森県	むつ市	むつし
青森県	横浜町	よこはままち
青森県	下北郡佐井村	しもきたぐんさいむら
青森県	下北郡大間町	しもきたぐんおおままち
青森県	下北郡東通村	しもきたぐんひがしどおりむら
青森県	下北郡風間浦村	しもきたぐんかざまうらむら
青森県	階上町	はしかみちょう
青森県	外ヶ浜町	そとがはままち
青森県	五戸町	ごのへまち
青森県	五所川原市	ごしょがわらし
青森県	弘前市	ひろさきし
青森県	黒石市	くろいしし
青森県	今別町	いまべつまち
青森県	佐井村	さいむら
青森県	三戸郡階上町	さんのへぐんはしかみちょう
青森県	三戸郡五戸町	さんのへぐんごのへまち
青森県	三戸郡三戸町	さんのへぐんさんのへまち
青森県	三戸郡新郷村	さんのへぐんしんごうむら
青森県	三戸郡田子町	さんのへぐんたっこまち
青森県	三戸郡南部町	さんのへぐんなんぶちょう
青森県	三戸町	さんのへまち
青森県	三沢市	みさわし
青森県	七戸町	しちのへまち
青森県	十和田市	とわだし
青森県	上北郡おいらせ町	かみきたぐんおいらせちょう
青森県	上北郡横浜町	かみきたぐんよこはままち
青森県	上北郡七戸町	かみきたぐんしちのへまち
青森県	上北郡東北町	かみきたぐんとうほくまち
青森県	上北郡野辺地町	かみきたぐんのへじまち
青森県	上北郡六ヶ所村	かみきたぐんろっかしょむら
青森県	上北郡六戸町	かみきたぐんろくのへまち
青森県	新郷村	しんごうむら
青森県	深浦町	ふかうらまち
青森県	西津軽郡深浦町	にしつがるぐんふかうらまち
青森県	西津軽郡鰺ヶ沢町	にしつがるぐんあじがさわまち
青森県	西目屋村	にしめやむら
青森県	青森県	あおもりけん
青森県	青森市	あおもりし
青森県	大間町	おおままち
青森県	大鰐町	おおわにまち
青森県	中津軽郡西目屋村	なかつがるぐんにしめやむら
青森県	中泊町	なかどまりまち
青森県	鶴田町	つるたまち
青森県	田子町	たっこまち
青森県	田舎館村	いなかだてむら
青森県	東津軽郡外ヶ浜町	ひがしつがるぐんそとがはままち
青森県	東津軽郡今別町	ひがしつがるぐんいまべつまち
青森県	東津軽郡平内町	ひがしつがるぐんひらないまち
青森県	東津軽郡蓬田村	ひがしつがるぐんよもぎたむら
青森県	東通村	ひがしどおりむら
青森県	東北町	とうほくまち
青森県	藤崎町	ふじさきまち
青森県	南津軽郡大鰐町	みなみつがるぐんおおわにまち
青森県	南津軽郡田舎館村	みなみつがるぐんいなかだてむら
青森県	南津軽郡藤崎町	みなみつがるぐんふじさきまち
青森県	南部町	なんぶちょう
青森県	八戸市	はちのへし
青森県	板柳町	いたやなぎまち
青森県	風間浦村	かざまうらむら
青森県	平川市	ひらかわし
青森県	平内町	ひらないまち
青森県	蓬田村	よもぎたむら
青森県	北津軽郡中泊町	きたつがるぐんなかどまりまち
青森県	北津軽郡鶴田町	きたつがるぐんつるたまち
青森県	北津軽郡板柳町	きたつがるぐんいたやなぎまち
青森県	野辺地町	のへじまち
青森県	六ヶ所村	ろっかしょむら
青森県	六戸町	ろくのへまち
青森県	鰺ヶ沢町	あじがさわまち
静岡県	伊東市	いとうし
静岡県	伊豆の国市	いずのくにし
静岡県	伊豆市	いずし
静岡県	下田市	しもだし
静岡県	河津町	かわづちょう
静岡県	賀茂郡河津町	かもぐんかわづちょう
静岡県	賀茂郡松崎町	かもぐんまつざきちょう
静岡県	賀茂郡西伊豆町	かもぐんにしいずちょう
静岡県	賀茂郡東伊豆町	かもぐんひがしいずちょう
静岡県	賀茂郡南伊豆町	かもぐんみなみいずちょう
静岡県	掛川市	かけがわし
静岡県	菊川市	きくがわし
静岡県	吉田町	よしだちょう
静岡県	湖西市	こさいし
静岡県	御前崎市	おまえざきし
静岡県	御殿場市	ごてんばし
静岡県	三島市	みしまし
静岡県	周智郡森町	しゅうちぐんもりまち
静岡県	駿東郡小山町	すんとうぐんおやまちょう
静岡県	駿東郡清水町	すんとうぐんしみずちょう
静岡県	駿東郡長泉町	すんとうぐんながいずみちょう
静岡県	小山町	おやまちょう
静岡県	松崎町	まつざきちょう
静岡県	沼津市	ぬまづし
静岡県	焼津市	やいづし
静岡県	森町	もりまち
静岡県	榛原郡吉田町	はいばらぐんよしだちょう
静岡県	榛原郡川根本町	はいばらぐんかわねほんちょう
静岡県	裾野市	すそのし
静岡県	清水町	しみずちょう
静岡県	西伊豆町	にしいずちょう
静岡県	静岡県	しずおかけん
静岡県	静岡市	しずおかし
静岡県	静岡市葵区	しずおかしあおいく
静岡県	静岡市駿河区	しずおかしするがく
静岡県	静岡市清水区	しずおかししみずく
静岡県	川根本町	かわねほんちょう
静岡県	袋井市	ふくろいし
静岡県	長泉町	ながいずみちょう
静岡県	田方郡函南町	たがたぐんかんなみちょう
静岡県	島田市	しまだし
静岡県	東伊豆町	ひがしいずちょう
静岡県	藤枝市	ふじえだし
静岡県	南伊豆町	みなみいずちょう
静岡県	熱海市	あたみし
静岡県	函南町	かんなみちょう
静岡県	磐田市	いわたし
静岡県	浜松市	はままつし
静岡県	浜松市中央区	はままつしちゅうおうく
静岡県	浜松市天竜区	はままつしてんりゅうく
静岡県	浜松市浜名区	はままつしはまなく
静岡県	富士宮市	ふじのみやし
静岡県	富士市	ふじし
静岡県	牧之原市	まきのはらし
石川県	かほく市	かほくし
石川県	羽咋郡志賀町	はくいぐんしかまち
石川県	羽咋郡宝達志水町	はくいぐんほうだつしみずちょう
石川県	羽咋市	はくいし
石川県	加賀市	かがし
石川県	河北郡津幡町	かほくぐんつばたまち
石川県	河北郡内灘町	かほくぐんうちなだまち
石川県	金沢市	かなざわし
石川県	穴水町	あなみずまち
石川県	志賀町	しかまち
石川県	鹿島郡中能登町	かしまぐんなかのとまち
石川県	七尾市	ななおし
石川県	珠洲市	すずし
石川県	小松市	こまつし
石川県	石川県	いしかわけん
石川県	川北町	かわきたまち
石川県	中能登町	なかのとまち
石川県	津幡町	つばたまち
石川県	内灘町	うちなだまち
石川県	能登町	のとちょう
石川県	能美郡川北町	のみぐんかわきたまち
石川県	能美市	のみし
石川県	白山市	はくさんし
石川県	宝達志水町	ほうだつしみずちょう
石川県	鳳珠郡穴水町	ほうすぐんあなみずまち
石川県	鳳珠郡能登町	ほうすぐんのとちょう
石川県	野々市市	ののいちし
石川県	輪島市	わじまし
千葉県	いすみ市	いすみし
千葉県	旭市	あさひし
千葉県	安房郡鋸南町	あわぐんきょなんまち
千葉県	夷隅郡御宿町	いすみぐんおんじゅくまち
千葉県	夷隅郡大多喜町	いすみぐんおおたきまち
千葉県	一宮町	いちのみやまち
千葉県	印西市	いんざいし
千葉県	印旛郡栄町	いんばぐんさかえまち
千葉県	印旛郡酒々井町	いんばぐんしすいまち
千葉県	浦安市	うらやすし
千葉県	栄町	さかえまち
千葉県	横芝光町	よこしばひかりまち
千葉県	我孫子市	あびこし
千葉県	鎌ケ谷市	かまがやし
千葉県	鴨川市	かもがわし
千葉県	館山市	たてやまし
千葉県	鋸南町	きょなんまち
千葉県	九十九里町	くじゅうくりまち
千葉県	君津市	きみつし
千葉県	御宿町	おんじゅくまち
千葉県	香取郡神崎町	かとりぐんこうざきまち
千葉県	香取郡多古町	かとりぐんたこまち
千葉県	香取郡東庄町	かとりぐんとうのしょうまち
千葉県	香取市	かとりし
千葉県	佐倉市	さくらし
千葉県	山武郡横芝光町	さんぶぐんよこしばひかりまち
千葉県	山武郡九十九里町	さんぶぐんくじゅうくりまち
千葉県	山武郡芝山町	さんぶぐんしばやままち
千葉県	山武市	さんむし
千葉県	四街道市	よつかいどうし
千葉県	市原市	いちはらし
千葉県	市川市	いちかわし
千葉県	芝山町	しばやままち
千葉県	酒々井町	しすいまち
千葉県	習志野市	ならしのし
千葉県	勝浦市	かつうらし
千葉県	松戸市	まつどし
千葉県	神崎町	こうざきまち
千葉県	成田市	なりたし
千葉県	千葉県	ちばけん
千葉県	千葉市	ちばし
千葉県	千葉市稲毛区	ちばしいなげく
千葉県	千葉市花見川区	ちばしはなみがわく
千葉県	千葉市若葉区	ちばしわかばく
千葉県	千葉市中央区	ちばしちゅうおうく
千葉県	千葉市美浜区	ちばしみはまく
千葉県	千葉市緑区	ちばしみどりく
千葉県	船橋市	ふなばしし
千葉県	匝瑳市	そうさし
千葉県	袖ケ浦市	そでがうらし
千葉県	多古町	たこまち
千葉県	大多喜町	おおたきまち
千葉県	大網白里市	おおあみしらさとし
千葉県	銚子市	ちょうしし
千葉県	長生郡一宮町	ちょうせいぐんいちのみやまち
千葉県	長生郡長生村	ちょうせいぐんちょうせいむら
千葉県	長生郡長南町	ちょうせいぐんちょうなんまち
千葉県	長生郡長柄町	ちょうせいぐんながらまち
千葉県	長生郡白子町	ちょうせいぐんしらこまち
千葉県	長生郡睦沢町	ちょうせいぐんむつざわまち
千葉県	長生村	ちょうせいむら
千葉県	長南町	ちょうなんまち
千葉県	長柄町	ながらまち
千葉県	東金市	とうがねし
千葉県	東庄町	とうのしょうまち
千葉県	南房総市	みなみぼうそうし
千葉県	柏市	かしわし
千葉県	白井市	しろいし
千葉県	白子町	しらこまち
千葉県	八街市	やちまたし
千葉県	八千代市	やちよし
千葉県	富津市	ふっつし
千葉県	富里市	とみさとし
千葉県	睦沢町	むつざわまち
千葉県	茂原市	もばらし
千葉県	木更津市	きさらづし
千葉県	野田市	のだし
千葉県	流山市	ながれやまし
大阪府	茨木市	いばらきし
大阪府	羽曳野市	はびきのし
大阪府	河内長野市	かわちながのし
大阪府	河南町	かなんちょう
大阪府	貝塚市	かいづかし
大阪府	岸和田市	きしわだし
大阪府	熊取町	くまとりちょう
大阪府	交野市	かたのし
大阪府	高石市	たかいしし
大阪府	高槻市	たかつきし
大阪府	阪南市	はんなんし
大阪府	堺市	さかいし
大阪府	堺市堺区	さかいしさかいく
大阪府	堺市西区	さかいしにしく
大阪府	堺市中区	さかいしなかく
大阪府	堺市東区	さかいしひがしく
大阪府	堺市南区	さかいしみなみく
大阪府	堺市美原区	さかいしみはらく
大阪府	堺市北区	さかいしきたく
大阪府	三島郡島本町	みしまぐんしまもとちょう
大阪府	四條畷市	しじょうなわてし
大阪府	守口市	もりぐちし
大阪府	松原市	まつばらし
大阪府	寝屋川市	ねやがわし
大阪府	吹田市	すいたし
大阪府	摂津市	せっつし
大阪府	千早赤阪村	ちはやあかさかむら
大阪府	泉佐野市	いずみさのし
大阪府	泉大津市	いずみおおつし
大阪府	泉南郡熊取町	せんなんぐんくまとりちょう
大阪府	泉南郡田尻町	せんなんぐんたじりちょう
大阪府	泉南郡岬町	せんなんぐんみさきちょう
大阪府	泉南市	せんなんし
大阪府	泉北郡忠岡町	せんぼくぐんただおかちょう
大阪府	太子町	たいしちょう
大阪府	大阪狭山市	おおさかさやまし
大阪府	大阪市	おおさかし
大阪府	大阪市阿倍野区	おおさかしあべのく
大阪府	大阪市旭区	おおさかしあさひく
大阪府	大阪市港区	おおさかしみなとく
大阪府	大阪市此花区	おおさかしこのはなく
大阪府	大阪市住吉区	おおさかしすみよしく
大阪府	大阪市住之江区	おおさかしすみのえく
大阪府	大阪市城東区	おおさかしじょうとうく
大阪府	大阪市生野区	おおさかしいくのく
大阪府	大阪市西区	おおさかしにしく
大阪府	大阪市西成区	おおさかしにしなりく
大阪府	大阪市西淀川区	おおさかしにしよどがわく
大阪府	大阪市大正区	おおさかしたいしょうく
大阪府	大阪市中央区	おおさかしちゅうおうく
大阪府	大阪市鶴見区	おおさかしつるみく
大阪府	大阪市天王寺区	おおさかしてんのうじく
大阪府	大阪市都島区	おおさかしみやこじまく
大阪府	大阪市東住吉区	おおさかしひがしすみよしく
大阪府	大阪市東成区	おおさかしひがしなりく
大阪府	大阪市東淀川区	おおさかしひがしよどがわく
大阪府	大阪市福島区	おおさかしふくしまく
大阪府	大阪市平野区	おおさかしひらのく
大阪府	大阪市北区	おおさかしきたく
大阪府	大阪市淀川区	おおさかしよどがわく
大阪府	大阪市浪速区	おおさかしなにわく
大阪府	大阪府	おおさかふ
大阪府	大東市	だいとうし
大阪府	池田市	いけだし
大阪府	忠岡町	ただおかちょう
大阪府	田尻町	たじりちょう
大阪府	島本町	しまもとちょう
大阪府	東大阪市	ひがしおおさかし
大阪府	藤井寺市	ふじいでらし
大阪府	南河内郡河南町	みなみかわちぐんかなんちょう
大阪府	南河内郡千早赤阪村	みなみかわちぐんちはやあかさかむら
大阪府	南河内郡太子町	みなみかわちぐんたいしちょう
大阪府	能勢町	のせちょう
大阪府	柏原市	かしわらし
大阪府	八尾市	やおし
大阪府	富田林市	とんだばやしし
大阪府	豊中市	とよなかし
大阪府	豊能郡能勢町	とよのぐんのせちょう
大阪府	豊能郡豊能町	とよのぐんとよのちょう
大阪府	豊能町	とよのちょう
大阪府	枚方市	ひらかたし
大阪府	箕面市	みのおし
大阪府	岬町	みさきちょう
大阪府	門真市	かどまし
大阪府	和泉市	いずみし
大分県	宇佐市	うさし
大分県	臼杵市	うすきし
大分県	杵築市	きつきし
大分県	九重町	ここのえまち
大分県	玖珠郡九重町	くすぐんここのえまち
大分県	玖珠郡玖珠町	くすぐんくすまち
大分県	玖珠町	くすまち
大分県	国東市	くにさきし
大分県	佐伯市	さいきし
大分県	速見郡日出町	はやみぐんひじまち
大分県	大分県	おおいたけん
大分県	大分市	おおいたし
大分県	竹田市	たけたし
大分県	中津市	なかつし
大分県	津久見市	つくみし
大分県	東国東郡姫島村	ひがしくにさきぐんひめしまむら
大分県	日出町	ひじまち
大分県	日田市	ひたし
大分県	姫島村	ひめしまむら
大分県	別府市	べっぷし
大分県	豊後高田市	ぶんごたかだし
大分県	豊後大野市	ぶんごおおのし
大分県	由布市	ゆふし
長崎県	壱岐市	いきし
長崎県	雲仙市	うんぜんし
長崎県	五島市	ごとうし
長崎県	佐々町	さざちょう
長崎県	佐世保市	させぼし
長崎県	時津町	とぎつちょう
長崎県	小値賀町	おぢかちょう
長崎県	松浦市	まつうらし
長崎県	新上五島町	しんかみごとうちょう
長崎県	西海市	さいかいし
長崎県	西彼杵郡時津町	にしそのぎぐんとぎつちょう
長崎県	西彼杵郡長与町	にしそのぎぐんながよちょう
長崎県	川棚町	かわたなちょう
長崎県	対馬市	つしまし
長崎県	大村市	おおむらし
長崎県	長崎県	ながさきけん
長崎県	長崎市	ながさきし
長崎県	長与町	ながよちょう
長崎県	島原市	しまばらし
長崎県	東彼杵郡川棚町	ひがしそのぎぐんかわたなちょう
長崎県	東彼杵郡東彼杵町	ひがしそのぎぐんひがしそのぎちょう
長崎県	東彼杵郡波佐見町	ひがしそのぎぐんはさみちょう
長崎県	東彼杵町	ひがしそのぎちょう
長崎県	南松浦郡新上五島町	みなみまつうらぐんしんかみごとうちょう
長崎県	南島原市	みなみしまばらし
長崎県	波佐見町	はさみちょう
長崎県	平戸市	ひらどし
長崎県	北松浦郡佐々町	きたまつうらぐんさざちょう
長崎県	北松浦郡小値賀町	きたまつうらぐんおぢかちょう
長崎県	諫早市	いさはやし
長野県	阿智村	あちむら
長野県	阿南町	あなんちょう
長野県	安曇野市	あづみのし
長野県	伊那市	いなし
長野県	栄村	さかえむら
長野県	塩尻市	しおじりし
長野県	王滝村	おうたきむら
長野県	岡谷市	おかやし
長野県	下伊那郡阿智村	しもいなぐんあちむら
長野県	下伊那郡阿南町	しもいなぐんあなんちょう
長野県	下伊那郡下條村	しもいなぐんしもじょうむら
長野県	下伊那郡喬木村	しもいなぐんたかぎむら
長野県	下伊那郡高森町	しもいなぐんたかもりまち
長野県	下伊那郡根羽村	しもいなぐんねばむら
長野県	下伊那郡松川町	しもいなぐんまつかわまち
長野県	下伊那郡泰阜村	しもいなぐんやすおかむら
長野県	下伊那郡大鹿村	しもいなぐんおおしかむら
長野県	下伊那郡天龍村	しもいなぐんてんりゅうむら
長野県	下伊那郡売木村	しもいなぐんうるぎむら
長野県	下伊那郡平谷村	しもいなぐんひらやむら
長野県	下伊那郡豊丘村	しもいなぐんとよおかむら
長野県	下高井郡山ノ内町	しもたかいぐんやまのうちまち
長野県	下高井郡木島平村	しもたかいぐんきじまだいらむら
長野県	下高井郡野沢温泉村	しもたかいぐんのざわおんせんむら
長野県	下諏訪町	しもすわまち
長野県	下水内郡栄村	しもみのちぐんさかえむら
長野県	下條村	しもじょうむら
長野県	茅野市	ちのし
長野県	宮田村	みやだむら
長野県	喬木村	たかぎむら
長野県	駒ヶ根市	こまがねし
長野県	軽井沢町	かるいざわまち
長野県	原村	はらむら
長野県	御代田町	みよたまち
長野県	高山村	たかやまむら
長野県	高森町	たかもりまち
長野県	根羽村	ねばむら
長野県	佐久市	さくし
長野県	佐久穂町	さくほまち
長野県	坂城町	さかきまち
長野県	山ノ内町	やまのうちまち
長野県	山形村	やまがたむら
長野県	小海町	こうみまち
長野県	小県郡青木村	ちいさがたぐんあおきむら
長野県	小県郡長和町	ちいさがたぐんながわまち
長野県	小諸市	こもろし
長野県	小川村	おがわむら
長野県	小谷村	おたりむら
長野県	小布施町	おぶせまち
長野県	松川村	まつかわむら
長野県	松川町	まつかわまち
長野県	松本市	まつもとし
長野県	上伊那郡宮田村	かみいなぐんみやだむら
長野県	上伊那郡辰野町	かみいなぐんたつのまち
長野県	上伊那郡中川村	かみいなぐんなかがわむら
長野県	上伊那郡南箕輪村	かみいなぐんみなみみのわむら
長野県	上伊那郡飯島町	かみいなぐんいいじままち
長野県	上伊那郡箕輪町	かみいなぐんみのわまち
長野県	上高井郡高山村	かみたかいぐんたかやまむら
長野県	上高井郡小布施町	かみたかいぐんおぶせまち
長野県	上松町	あげまつまち
長野県	上水内郡小川村	かみみのちぐんおがわむら
長野県	上水内郡信濃町	かみみのちぐんしなのまち
長野県	上水内郡飯綱町	かみみのちぐんいいづなまち
長野県	上田市	うえだし
長野県	埴科郡坂城町	はにしなぐんさかきまち
長野県	信濃町	しなのまち
長野県	諏訪郡下諏訪町	すわぐんしもすわまち
長野県	諏訪郡原村	すわぐんはらむら
長野県	諏訪郡富士見町	すわぐんふじみまち
長野県	諏訪市	すわし
長野県	須坂市	すざかし
長野県	生坂村	いくさかむら
長野県	青木村	あおきむら
長野県	千曲市	ちくまし
長野県	川上村	かわかみむら
長野県	泰阜村	やすおかむら
長野県	大桑村	おおくわむら
長野県	大鹿村	おおしかむら
長野県	大町市	おおまちし
長野県	辰野町	たつのまち
長野県	池田町	いけだまち
長野県	筑北村	ちくほくむら
長野県	中川村	なかがわむら
長野県	中野市	なかのし
長野県	朝日村	あさひむら
長野県	長野県	ながのけん
長野県	長野市	ながのし
長野県	長和町	ながわまち
長野県	天龍村	てんりゅうむら
長野県	東御市	とうみし
長野県	東筑摩郡山形村	ひがしちくまぐんやまがたむら
長野県	東筑摩郡生坂村	ひがしちくまぐんいくさかむら
長野県	東筑摩郡筑北村	ひがしちくまぐんちくほくむら
長野県	東筑摩郡朝日村	ひがしちくまぐんあさひむら
長野県	東筑摩郡麻績村	ひがしちくまぐんおみむら
長野県	南佐久郡佐久穂町	みなみさくぐんさくほまち
長野県	南佐久郡小海町	みなみさくぐんこうみまち
長野県	南佐久郡川上村	みなみさくぐんかわかみむら
長野県	南佐久郡南相木村	みなみさくぐんみなみあいきむら
長野県	南佐久郡南牧村	みなみさくぐんみなみまきむら
長野県	南佐久郡北相木村	みなみさくぐんきたあいきむら
長野県	南相木村	みなみあいきむら
長野県	南牧村	みなみまきむら
長野県	南箕輪村	みなみみのわむら
長野県	南木曽町	なぎそまち
長野県	売木村	うるぎむら
長野県	白馬村	はくばむら
長野県	飯綱町	いいづなまち
長野県	飯山市	いいやまし
長野県	飯田市	いいだし
長野県	飯島町	いいじままち
長野県	富士見町	ふじみまち
長野県	平谷村	ひらやむら
長野県	豊丘村	とよおかむら
長野県	北安曇郡小谷村	きたあづみぐんおたりむら
長野県	北安曇郡松川村	きたあづみぐんまつかわむら
長野県	北安曇郡池田町	きたあづみぐんいけだまち
長野県	北安曇郡白馬村	きたあづみぐんはくばむら
長野県	北佐久郡軽井沢町	きたさくぐんかるいざわまち
長野県	北佐久郡御代田町	きたさくぐんみよたまち
長野県	北佐久郡立科町	きたさくぐんたてしなまち
長野県	北相木村	きたあいきむら
長野県	麻績村	おみむら
長野県	箕輪町	みのわまち
長野県	木曽郡王滝村	きそぐんおうたきむら
長野県	木曽郡上松町	きそぐんあげまつまち
長野県	木曽郡大桑村	きそぐんおおくわむら
長野県	木曽郡南木曽町	きそぐんなぎそまち
長野県	木曽郡木曽町	きそぐんきそまち
長野県	木曽郡木祖村	きそぐんきそむら
長野県	木曽町	きそまち
長野県	木祖村	きそむら
長野県	木島平村	きじまだいらむら
長野県	野沢温泉村	のざわおんせんむら
長野県	立科町	たてしなまち
鳥取県	岩美郡岩美町	いわみぐんいわみちょう
鳥取県	岩美町	いわみちょう
鳥取県	境港市	さかいみなとし
鳥取県	琴浦町	ことうらちょう
鳥取県	江府町	こうふちょう
鳥取県	三朝町	みささちょう
鳥取県	若桜町	わかさちょう
鳥取県	西伯郡大山町	さいはくぐんだいせんちょう
鳥取県	西伯郡南部町	さいはくぐんなんぶちょう
鳥取県	西伯郡日吉津村	さいはくぐんひえづそん
鳥取県	西伯郡伯耆町	さいはくぐんほうきちょう
鳥取県	倉吉市	くらよしし
鳥取県	大山町	だいせんちょう
鳥取県	智頭町	ちづちょう
鳥取県	鳥取県	とっとりけん
鳥取県	鳥取市	とっとりし
鳥取県	東伯郡琴浦町	とうはくぐんことうらちょう
鳥取県	東伯郡三朝町	とうはくぐんみささちょう
鳥取県	東伯郡湯梨浜町	とうはくぐんゆりはまちょう
鳥取県	東伯郡北栄町	とうはくぐんほくえいちょう
鳥取県	湯梨浜町	ゆりはまちょう
鳥取県	南部町	なんぶちょう
鳥取県	日吉津村	ひえづそん
鳥取県	日南町	にちなんちょう
鳥取県	日野郡江府町	ひのぐんこうふちょう
鳥取県	日野郡日南町	ひのぐんにちなんちょう
鳥取県	日野郡日野町	ひのぐんひのちょう
鳥取県	日野町	ひのちょう
鳥取県	伯耆町	ほうきちょう
鳥取県	八頭郡若桜町	やずぐんわかさちょう
鳥取県	八頭郡智頭町	やずぐんちづちょう
鳥取県	八頭郡八頭町	やずぐんやずちょう
鳥取県	八頭町	やずちょう
鳥取県	米子市	よなごし
鳥取県	北栄町	ほくえいちょう
島根県	安来市	やすぎし
島根県	隠岐の島町	おきのしまちょう
島根県	隠岐郡隠岐の島町	おきぐんおきのしまちょう
島根県	隠岐郡海士町	おきぐんあまちょう
島根県	隠岐郡西ノ島町	おきぐんにしのしまちょう
島根県	隠岐郡知夫村	おきぐんちぶむら
島根県	雲南市	うんなんし
島根県	益田市	ますだし
島根県	奥出雲町	おくいずもちょう
島根県	海士町	あまちょう
島根県	吉賀町	よしかちょう
島根県	江津市	ごうつし
島根県	鹿足郡吉賀町	かのあしぐんよしかちょう
島根県	鹿足郡津和野町	かのあしぐんつわのちょう
島根県	出雲市	いずもし
島根県	松江市	まつえし
島根県	仁多郡奥出雲町	にたぐんおくいずもちょう
島根県	西ノ島町	にしのしまちょう
島根県	川本町	かわもとまち
島根県	大田市	おおだし
島根県	知夫村	ちぶむら
島根県	津和野町	つわのちょう
島根県	島根県	しまねけん
島根県	飯石郡飯南町	いいしぐんいいなんちょう
島根県	飯南町	いいなんちょう
島根県	美郷町	みさとちょう
島根県	浜田市	はまだし
島根県	邑智郡川本町	おおちぐんかわもとまち
島根県	邑智郡美郷町	おおちぐんみさとちょう
島根県	邑智郡邑南町	おおちぐんおおなんちょう
島根県	邑南町	おおなんちょう
東京都	あきる野市	あきるのし
東京都	稲城市	いなぎし
東京都	羽村市	はむらし
東京都	奥多摩町	おくたままち
東京都	葛飾区	かつしかく
東京都	御蔵島村	みくらじまむら
東京都	江戸川区	えどがわく
東京都	江東区	こうとうく
東京都	港区	みなとく
東京都	荒川区	あらかわく
東京都	国分寺市	こくぶんじし
東京都	国立市	くにたちし
東京都	狛江市	こまえし
東京都	三鷹市	みたかし
東京都	三宅島三宅村	みやけじまみやけむら
東京都	渋谷区	しぶやく
東京都	小笠原村	おがさわらむら
東京都	小金井市	こがねいし
東京都	小平市	こだいらし
東京都	昭島市	あきしまし
東京都	新宿区	しんじゅくく
東京都	新島村	にいじまむら
東京都	神津島村	こうづしまむら
東京都	瑞穂町	みずほまち
東京都	杉並区	すぎなみく
東京都	世田谷区	せたがやく
東京都	清瀬市	きよせし
東京都	西多摩郡奥多摩町	にしたまぐんおくたままち
東京都	西多摩郡瑞穂町	にしたまぐんみずほまち
東京都	西多摩郡日の出町	にしたまぐんひのでまち
東京都	西多摩郡檜原村	にしたまぐんひのはらむら
東京都	西東京市	にしとうきょうし
東京都	青ヶ島村	あおがしまむら
東京都	青梅市	おうめし
東京都	千代田区	ちよだく
東京都	足立区	あだちく
東京都	多摩市	たまし
東京都	台東区	たいとうく
東京都	大田区	おおたく
東京都	大島町	おおしままち
東京都	中央区	ちゅうおうく
東京都	中野区	なかのく
東京都	町田市	まちだし
東京都	調布市	ちょうふし
東京都	東久留米市	ひがしくるめし
東京都	東京都	とうきょうと
東京都	東村山市	ひがしむらやまし
東京都	東大和市	ひがしやまとし
東京都	日の出町	ひのでまち
東京都	日野市	ひのし
東京都	八王子市	はちおうじし
東京都	八丈島八丈町	はちじょうじまはちじょうまち
東京都	板橋区	いたばしく
東京都	品川区	しながわく
東京都	府中市	ふちゅうし
東京都	武蔵村山市	むさしむらやまし
東京都	武蔵野市	むさしのし
東京都	福生市	ふっさし
東京都	文京区	ぶんきょうく
東京都	豊島区	としまく
東京都	北区	きたく
東京都	墨田区	すみだく
東京都	目黒区	めぐろく
東京都	利島村	としまむら
東京都	立川市	たちかわし
東京都	練馬区	ねりまく
東京都	檜原村	ひのはらむら
徳島県	つるぎ町	つるぎちょう
徳島県	阿南市	あなんし
徳島県	阿波市	あわし
徳島県	海部郡海陽町	かいふぐんかいようちょう
徳島県	海部郡美波町	かいふぐんみなみちょう
徳島県	海部郡牟岐町	かいふぐんむぎちょう
徳島県	海陽町	かいようちょう
徳島県	吉野川市	よしのがわし
徳島県	佐那河内村	さなごうちそん
徳島県	三好郡東みよし町	みよしぐんひがしみよしちょう
徳島県	三好市	みよしし
徳島県	勝浦郡勝浦町	かつうらぐんかつうらちょう
徳島県	勝浦郡上勝町	かつうらぐんかみかつちょう
徳島県	勝浦町	かつうらちょう
徳島県	小松島市	こまつしまし
徳島県	松茂町	まつしげちょう
徳島県	上勝町	かみかつちょう
徳島県	上板町	かみいたちょう
徳島県	神山町	かみやまちょう
徳島県	石井町	いしいちょう
徳島県	東みよし町	ひがしみよしちょう
徳島県	徳島県	とくしまけん
徳島県	徳島市	とくしまし
徳島県	那賀郡那賀町	なかぐんなかちょう
徳島県	那賀町	なかちょう
徳島県	板野郡松茂町	いたのぐんまつしげちょう
徳島県	板野郡上板町	いたのぐんかみいたちょう
徳島県	板野郡板野町	いたのぐんいたのちょう
徳島県	板野郡北島町	いたのぐんきたじまちょう
徳島県	板野郡藍住町	いたのぐんあいずみちょう
徳島県	板野町	いたのちょう
徳島県	美波町	みなみちょう
徳島県	美馬郡つるぎ町	みまぐんつるぎちょう
徳島県	美馬市	みまし
徳島県	北島町	きたじまちょう
徳島県	牟岐町	むぎちょう
徳島県	名西郡神山町	みょうざいぐんかみやまちょう
徳島県	名西郡石井町	みょうざいぐんいしいちょう
徳島県	名東郡佐那河内村	みょうどうぐんさなごうちそん
徳島県	鳴門市	なるとし
徳島県	藍住町	あいずみちょう
栃木県	さくら市	さくらし
栃木県	宇都宮市	うつのみやし
栃木県	益子町	ましこまち
栃木県	塩谷郡塩谷町	しおやぐんしおやまち
栃木県	塩谷郡高根沢町	しおやぐんたかねざわまち
栃木県	塩谷町	しおやまち
栃木県	下都賀郡壬生町	しもつがぐんみぶまち
栃木県	下都賀郡野木町	しもつがぐんのぎまち
栃木県	下野市	しもつけし
栃木県	河内郡上三川町	かわちぐんかみのかわまち
栃木県	高根沢町	たかねざわまち
栃木県	佐野市	さのし
栃木県	市貝町	いちかいまち
栃木県	鹿沼市	かぬまし
栃木県	小山市	おやまし
栃木県	上三川町	かみのかわまち
栃木県	真岡市	もおかし
栃木県	壬生町	みぶまち
栃木県	足利市	あしかがし
栃木県	大田原市	おおたわらし
栃木県	栃木県	とちぎけん
栃木県	栃木市	とちぎし
栃木県	那珂川町	なかがわまち
栃木県	那須烏山市	なすからすやまし
栃木県	那須塩原市	なすしおばらし
栃木県	那須郡那珂川町	なすぐんなかがわまち
栃木県	那須郡那須町	なすぐんなすまち
栃木県	那須町	なすまち
栃木県	日光市	にっこうし
栃木県	芳賀郡益子町	はがぐんましこまち
栃木県	芳賀郡市貝町	はがぐんいちかいまち
栃木県	芳賀郡芳賀町	はがぐんはがまち
栃木県	芳賀郡茂木町	はがぐんもてぎまち
栃木県	芳賀町	はがまち
栃木県	茂木町	もてぎまち
栃木県	野木町	のぎまち
栃木県	矢板市	やいたし
奈良県	安堵町	あんどちょう
奈良県	磯城郡三宅町	しきぐんみやけちょう
奈良県	磯城郡川西町	しきぐんかわにしちょう
奈良県	磯城郡田原本町	しきぐんたわらもとちょう
奈良県	宇陀郡御杖村	うだぐんみつえむら
奈良県	宇陀郡曽爾村	うだぐんそにむら
奈良県	宇陀市	うだし
奈良県	王寺町	おうじちょう
奈良県	下市町	しもいちちょう
奈良県	下北山村	しもきたやまむら
奈良県	河合町	かわいちょう
奈良県	橿原市	かしはらし
奈良県	葛城市	かつらぎし
奈良県	吉野郡下市町	よしのぐんしもいちちょう
奈良県	吉野郡下北山村	よしのぐんしもきたやまむら
奈良県	吉野郡吉野町	よしのぐんよしのちょう
奈良県	吉野郡黒滝村	よしのぐんくろたきむら
奈良県	吉野郡十津川村	よしのぐんとつかわむら
奈良県	吉野郡上北山村	よしのぐんかみきたやまむら
奈良県	吉野郡川上村	よしのぐんかわかみむら
奈良県	吉野郡大淀町	よしのぐんおおよどちょう
奈良県	吉野郡天川村	よしのぐんてんかわむら
奈良県	吉野郡東吉野村	よしのぐんひがしよしのむら
奈良県	吉野郡野迫川村	よしのぐんのせがわむら
奈良県	吉野町	よしのちょう
奈良県	五條市	ごじょうし
奈良県	御所市	ごせし
奈良県	御杖村	みつえむら
奈良県	広陵町	こうりょうちょう
奈良県	香芝市	かしばし
奈良県	高市郡高取町	たかいちぐんたかとりちょう
奈良県	高市郡明日香村	たかいちぐんあすかむら
奈良県	高取町	たかとりちょう
奈良県	黒滝村	くろたきむら
奈良県	桜井市	さくらいし
奈良県	三郷町	さんごうちょう
奈良県	三宅町	みやけちょう
奈良県	山添村	やまぞえむら
奈良県	山辺郡山添村	やまべぐんやまぞえむら
奈良県	十津川村	とつかわむら
奈良県	上北山村	かみきたやまむら
奈良県	上牧町	かんまきちょう
奈良県	生駒郡安堵町	いこまぐんあんどちょう
奈良県	生駒郡三郷町	いこまぐんさんごうちょう
奈良県	生駒郡斑鳩町	いこまぐんいかるがちょう
奈良県	生駒郡平群町	いこまぐんへぐりちょう
奈良県	生駒市	いこまし
奈良県	川上村	かわかみむら
奈良県	川西町	かわにしちょう
奈良県	曽爾村	そにむら
奈良県	大淀町	おおよどちょう
奈良県	大和郡山市	やまとこおりやまし
奈良県	大和高田市	やまとたかだし
奈良県	天川村	てんかわむら
奈良県	天理市	てんりし
奈良県	田原本町	たわらもとちょう
奈良県	東吉野村	ひがしよしのむら
奈良県	奈良県	ならけん
奈良県	奈良市	ならし
奈良県	斑鳩町	いかるがちょう
奈良県	平群町	へぐりちょう
奈良県	北葛城郡王寺町	きたかつらぎぐんおうじちょう
奈良県	北葛城郡河合町	きたかつらぎぐんかわいちょう
奈良県	北葛城郡広陵町	きたかつらぎぐんこうりょうちょう
奈良県	北葛城郡上牧町	きたかつらぎぐんかんまきちょう
奈良県	明日香村	あすかむら
奈良県	野迫川村	のせがわむら
富山県	下新川郡朝日町	しもにいかわぐんあさひまち
富山県	下新川郡入善町	しもにいかわぐんにゅうぜんまち
富山県	滑川市	なめりかわし
富山県	魚津市	うおづし
富山県	高岡市	たかおかし
富山県	黒部市	くろべし
富山県	射水市	いみずし
富山県	舟橋村	ふなはしむら
富山県	小矢部市	おやべし
富山県	上市町	かみいちまち
富山県	中新川郡舟橋村	なかにいかわぐんふなはしむら
富山県	中新川郡上市町	なかにいかわぐんかみいちまち
富山県	中新川郡立山町	なかにいかわぐんたてやままち
富山県	朝日町	あさひまち
富山県	砺波市	となみし
富山県	南砺市	なんとし
富山県	入善町	にゅうぜんまち
富山県	氷見市	ひみし
富山県	富山県	とやまけん
富山県	富山市	とやまし
富山県	立山町	たてやままち
福井県	あわら市	あわらし
福井県	おおい町	おおいちょう
福井県	永平寺町	えいへいじちょう
福井県	越前市	えちぜんし
福井県	越前町	えちぜんちょう
福井県	吉田郡永平寺町	よしだぐんえいへいじちょう
福井県	高浜町	たかはまちょう
福井県	今立郡池田町	いまだてぐんいけだちょう
福井県	坂井市	さかいし
福井県	鯖江市	さばえし
福井県	三方郡美浜町	みかたぐんみはまちょう
福井県	三方上中郡若狭町	みかたかみなかぐんわかさちょう
福井県	若狭町	わかさちょう
福井県	勝山市	かつやまし
福井県	小浜市	おばまし
福井県	大飯郡おおい町	おおいぐんおおいちょう
福井県	大飯郡高浜町	おおいぐんたかはまちょう
福井県	大野市	おおのし
福井県	丹生郡越前町	にゅうぐんえちぜんちょう
福井県	池田町	いけだちょう
福井県	敦賀市	つるがし
福井県	南越前町	みなみえちぜんちょう
福井県	南条郡南越前町	なんじょうぐんみなみえちぜんちょう
福井県	美浜町	みはまちょう
福井県	福井県	ふくいけん
福井県	福井市	ふくいし
福岡県	うきは市	うきはし
福岡県	みやこ町	みやこまち
福岡県	みやま市	みやまし
福岡県	芦屋町	あしやまち
福岡県	鞍手郡鞍手町	くらてぐんくらてまち
福岡県	鞍手郡小竹町	くらてぐんこたけまち
福岡県	鞍手町	くらてまち
福岡県	宇美町	うみまち
福岡県	遠賀郡芦屋町	おんがぐんあしやまち
福岡県	遠賀郡遠賀町	おんがぐんおんがちょう
福岡県	遠賀郡岡垣町	おんがぐんおかがきまち
福岡県	遠賀郡水巻町	おんがぐんみずまきまち
福岡県	遠賀町	おんがちょう
福岡県	岡垣町	おかがきまち
福岡県	嘉穂郡桂川町	かほぐんけいせんまち
福岡県	嘉麻市	かまし
福岡県	苅田町	かんだまち
福岡県	吉富町	よしとみまち
福岡県	久山町	ひさやままち
福岡県	久留米市	くるめし
福岡県	宮若市	みやわかし
福岡県	京都郡みやこ町	みやこぐんみやこまち
福岡県	京都郡苅田町	みやこぐんかんだまち
福岡県	桂川町	けいせんまち
福岡県	古賀市	こがし
福岡県	広川町	ひろかわまち
福岡県	行橋市	ゆくはしし
福岡県	香春町	かわらまち
福岡県	三井郡大刀洗町	みいぐんたちあらいまち
福岡県	三潴郡大木町	みずまぐんおおきまち
福岡県	志免町	しめまち
福岡県	糸田町	いとだまち
福岡県	糸島市	いとしまし
福岡県	篠栗町	ささぐりまち
福岡県	宗像市	むなかたし
福岡県	春日市	かすがし
福岡県	小郡市	おごおりし
福岡県	小竹町	こたけまち
福岡県	上毛町	こうげまち
福岡県	新宮町	しんぐうまち
福岡県	須惠町	すえまち
福岡県	水巻町	みずまきまち
福岡県	赤村	あかむら
福岡県	川崎町	かわさきまち
福岡県	糟屋郡宇美町	かすやぐんうみまち
福岡県	糟屋郡久山町	かすやぐんひさやままち
福岡県	糟屋郡志免町	かすやぐんしめまち
福岡県	糟屋郡篠栗町	かすやぐんささぐりまち
福岡県	糟屋郡新宮町	かすやぐんしんぐうまち
福岡県	糟屋郡須惠町	かすやぐんすえまち
福岡県	糟屋郡粕屋町	かすやぐんかすやまち
福岡県	太宰府市	だざいふし
福岡県	大川市	おおかわし
福岡県	大刀洗町	たちあらいまち
福岡県	大任町	おおとうまち
福岡県	大牟田市	おおむたし
福岡県	大木町	おおきまち
福岡県	大野城市	おおのじょうし
福岡県	築上郡吉富町	ちくじょうぐんよしとみまち
福岡県	築上郡上毛町	ちくじょうぐんこうげまち
福岡県	築上郡築上町	ちくじょうぐんちくじょうまち
福岡県	築上町	ちくじょうまち
福岡県	筑後市	ちくごし
福岡県	筑紫野市	ちくしのし
福岡県	筑前町	ちくぜんまち
福岡県	中間市	なかまし
福岡県	朝倉郡筑前町	あさくらぐんちくぜんまち
福岡県	朝倉郡東峰村	あさくらぐんとうほうむら
福岡県	朝倉市	あさくらし
福岡県	直方市	のおがたし
福岡県	添田町	そえだまち
福岡県	田川郡香春町	たがわぐんかわらまち
福岡県	田川郡糸田町	たがわぐんいとだまち
福岡県	田川郡赤村	たがわぐんあかむら
福岡県	田川郡川崎町	たがわぐんかわさきまち
福岡県	田川郡大任町	たがわぐんおおとうまち
福岡県	田川郡添田町	たがわぐんそえだまち
福岡県	田川郡福智町	たがわぐんふくちまち
福岡県	田川市	たがわし
福岡県	東峰村	とうほうむら
福岡県	那珂川市	なかがわし
福岡県	粕屋町	かすやまち
福岡県	八女郡広川町	やめぐんひろかわまち
福岡県	八女市	やめし
福岡県	飯塚市	いいづかし
福岡県	福岡県	ふくおかけん
福岡県	福岡市	ふくおかし
福岡県	福岡市城南区	ふくおかしじょうなんく
福岡県	福岡市西区	ふくおかしにしく
福岡県	福岡市早良区	ふくおかしさわらく
福岡県	福岡市中央区	ふくおかしちゅうおうく
福岡県	福岡市東区	ふくおかしひがしく
福岡県	福岡市南区	ふくおかしみなみく
福岡県	福岡市博多区	ふくおかしはかたく
福岡県	福智町	ふくちまち
福岡県	福津市	ふくつし
福岡県	豊前市	ぶぜんし
福岡県	北九州市	きたきゅうしゅうし
福岡県	北九州市戸畑区	きたきゅうしゅうしとばたく
福岡県	北九州市若松区	きたきゅうしゅうしわかまつく
福岡県	北九州市小倉南区	きたきゅうしゅうしこくらみなみく
福岡県	北九州市小倉北区	きたきゅうしゅうしこくらきたく
福岡県	北九州市八幡西区	きたきゅうしゅうしやはたにしく
福岡県	北九州市八幡東区	きたきゅうしゅうしやはたひがしく
福岡県	北九州市門司区	きたきゅうしゅうしもじく
福岡県	柳川市	やながわし
福島県	いわき市	いわきし
福島県	安達郡大玉村	あだちぐんおおたまむら
福島県	伊達郡桑折町	だてぐんこおりまち
福島県	伊達郡国見町	だてぐんくにみまち
福島県	伊達郡川俣町	だてぐんかわまたまち
福島県	伊達市	だてし
福島県	下郷町	しもごうまち
福島県	河沼郡会津坂下町	かわぬまぐんあいづばんげまち
福島県	河沼郡湯川村	かわぬまぐんゆがわむら
福島県	河沼郡柳津町	かわぬまぐんやないづまち
福島県	会津坂下町	あいづばんげまち
福島県	会津若松市	あいづわかまつし
福島県	会津美里町	あいづみさとまち
福島県	葛尾村	かつらおむら
福島県	岩瀬郡鏡石町	いわせぐんかがみいしまち
福島県	岩瀬郡天栄村	いわせぐんてんえいむら
福島県	喜多方市	きたかたし
福島県	鏡石町	かがみいしまち
福島県	玉川村	たまかわむら
福島県	金山町	かねやままち
福島県	桑折町	こおりまち
福島県	郡山市	こおりやまし
福島県	古殿町	ふるどのまち
福島県	広野町	ひろのまち
福島県	国見町	くにみまち
福島県	鮫川村	さめがわむら
福島県	三春町	みはるまち
福島県	三島町	みしままち
福島県	小野町	おのまち
福島県	昭和村	しょうわむら
福島県	新地町	しんちまち
福島県	須賀川市	すかがわし
福島県	西会津町	にしあいづまち
福島県	西郷村	にしごうむら
福島県	西白河郡西郷村	にししらかわぐんにしごうむら
福島県	西白河郡泉崎村	にししらかわぐんいずみざきむら
福島県	西白河郡中島村	にししらかわぐんなかじまむら
福島県	西白河郡矢吹町	にししらかわぐんやぶきまち
福島県	石川郡玉川村	いしかわぐんたまかわむら
福島県	石川郡古殿町	いしかわぐんふるどのまち
福島県	石川郡石川町	いしかわぐんいしかわまち
福島県	石川郡浅川町	いしかわぐんあさかわまち
福島県	石川郡平田村	いしかわぐんひらたむら
福島県	石川町	いしかわまち
福島県	川内村	かわうちむら
福島県	川俣町	かわまたまち
福島県	泉崎村	いずみざきむら
福島県	浅川町	あさかわまち
福島県	双葉郡葛尾村	ふたばぐんかつらおむら
福島県	双葉郡広野町	ふたばぐんひろのまち
福島県	双葉郡川内村	ふたばぐんかわうちむら
福島県	双葉郡双葉町	ふたばぐんふたばまち
福島県	双葉郡大熊町	ふたばぐんおおくままち
福島県	双葉郡楢葉町	ふたばぐんならはまち
福島県	双葉郡富岡町	ふたばぐんとみおかまち
福島県	双葉郡浪江町	ふたばぐんなみえまち
福島県	双葉町	ふたばまち
福島県	相馬郡新地町	そうまぐんしんちまち
福島県	相馬郡飯舘村	そうまぐんいいたてむら
福島県	相馬市	そうまし
福島県	大玉村	おおたまむら
福島県	大熊町	おおくままち
福島県	大沼郡会津美里町	おおぬまぐんあいづみさとまち
福島県	大沼郡金山町	おおぬまぐんかねやままち
福島県	大沼郡三島町	おおぬまぐんみしままち
福島県	大沼郡昭和村	おおぬまぐんしょうわむら
福島県	只見町	ただみまち
福島県	棚倉町	たなぐらまち
福島県	中島村	なかじまむら
福島県	猪苗代町	いなわしろまち
福島県	天栄村	てんえいむら
福島県	田村郡三春町	たむらぐんみはるまち
福島県	田村郡小野町	たむらぐんおのまち
福島県	田村市	たむらし
福島県	東白川郡鮫川村	ひがししらかわぐんさめがわむら
福島県	東白川郡棚倉町	ひがししらかわぐんたなぐらまち
福島県	東白川郡塙町	ひがししらかわぐんはなわまち
福島県	東白川郡矢祭町	ひがししらかわぐんやまつりまち
福島県	湯川村	ゆがわむら
福島県	楢葉町	ならはまち
福島県	南会津郡下郷町	みなみあいづぐんしもごうまち
福島県	南会津郡只見町	みなみあいづぐんただみまち
福島県	南会津郡南会津町	みなみあいづぐんみなみあいづまち
福島県	南会津郡檜枝岐村	みなみあいづぐんひのえまたむら
福島県	南会津町	みなみあいづまち
福島県	南相馬市	みなみそうまし
福島県	二本松市	にほんまつし
福島県	白河市	しらかわし
福島県	塙町	はなわまち
福島県	飯舘村	いいたてむら
福島県	磐梯町	ばんだいまち
福島県	富岡町	とみおかまち
福島県	福島県	ふくしまけん
福島県	福島市	ふくしまし
福島県	平田村	ひらたむら
福島県	北塩原村	きたしおばらむら
福島県	本宮市	もとみやし
福島県	耶麻郡西会津町	やまぐんにしあいづまち
福島県	耶麻郡猪苗代町	やまぐんいなわしろまち
福島県	耶麻郡磐梯町	やまぐんばんだいまち
福島県	耶麻郡北塩原村	やまぐんきたしおばらむら
福島県	矢祭町	やまつりまち
福島県	矢吹町	やぶきまち
福島県	柳津町	やないづまち
福島県	浪江町	なみえまち
福島県	檜枝岐村	ひのえまたむら
兵庫県	たつの市	たつのし
兵庫県	芦屋市	あしやし
兵庫県	伊丹市	いたみし
兵庫県	稲美町	いなみちょう
兵庫県	加古郡稲美町	かこぐんいなみちょう
兵庫県	加古郡播磨町	かこぐんはりまちょう
兵庫県	加古川市	かこがわし
兵庫県	加西市	かさいし
兵庫県	加東市	かとうし
兵庫県	香美町	かみちょう
兵庫県	高砂市	たかさごし
兵庫県	佐用郡佐用町	さようぐんさようちょう
兵庫県	佐用町	さようちょう
兵庫県	三田市	さんだし
兵庫県	三木市	みきし
兵庫県	市川町	いちかわちょう
兵庫県	宍粟市	しそうし
兵庫県	洲本市	すもとし
兵庫県	小野市	おのし
兵庫県	新温泉町	しんおんせんちょう
兵庫県	神河町	かみかわちょう
兵庫県	神戸市	こうべし
兵庫県	神戸市須磨区	こうべしすまく
兵庫県	神戸市垂水区	こうべしたるみく
兵庫県	神戸市西区	こうべしにしく
兵庫県	神戸市中央区	こうべしちゅうおうく
兵庫県	神戸市長田区	こうべしながたく
兵庫県	神戸市東灘区	こうべしひがしなだく
兵庫県	神戸市灘区	こうべしなだく
兵庫県	神戸市兵庫区	こうべしひょうごく
兵庫県	神戸市北区	こうべしきたく
兵庫県	神崎郡市川町	かんざきぐんいちかわちょう
兵庫県	神崎郡神河町	かんざきぐんかみかわちょう
兵庫県	神崎郡福崎町	かんざきぐんふくさきちょう
兵庫県	西宮市	にしのみやし
兵庫県	西脇市	にしわきし
兵庫県	赤穂郡上郡町	あこうぐんかみごおりちょう
兵庫県	赤穂市	あこうし
兵庫県	川西市	かわにしし
兵庫県	川辺郡猪名川町	かわべぐんいながわちょう
兵庫県	相生市	あいおいし
兵庫県	多可郡多可町	たかぐんたかちょう
兵庫県	多可町	たかちょう
兵庫県	太子町	たいしちょう
兵庫県	丹波市	たんばし
兵庫県	丹波篠山市	たんばささやまし
兵庫県	淡路市	あわじし
兵庫県	猪名川町	いながわちょう
兵庫県	朝来市	あさごし
兵庫県	町	かみごおりちょう
兵庫県	南あわじ市	みなみあわじし
兵庫県	尼崎市	あまがさきし
兵庫県	播磨町	はりまちょう
兵庫県	美方郡香美町	みかたぐんかみちょう
兵庫県	美方郡新温泉町	みかたぐんしんおんせんちょう
兵庫県	姫路市	ひめじし
兵庫県	福崎町	ふくさきちょう
兵庫県	兵庫県	ひょうごけん
兵庫県	宝塚市	たからづかし
兵庫県	豊岡市	とよおかし
兵庫県	明石市	あかしし
兵庫県	揖保郡太子町	いぼぐんたいしちょう
兵庫県	養父市	やぶし
北海道	えりも町	えりもちょう
北海道	せたな町	せたなちょう
北海道	ニセコ町	にせこちょう
北海道	むかわ町	むかわちょう
北海道	阿寒郡鶴居村	あかんぐんつるいむら
北海道	愛別町	あいべつちょう
北海道	旭川市	あさひかわし
北海道	芦別市	あしべつし
北海道	虻田郡ニセコ町	あぶたぐんにせこちょう
北海道	虻田郡喜茂別町	あぶたぐんきもべつちょう
北海道	虻田郡京極町	あぶたぐんきょうごくちょう
北海道	虻田郡倶知安町	あぶたぐんくっちゃんちょう
北海道	虻田郡真狩村	あぶたぐんまっかりむら
北海道	虻田郡洞爺湖町	あぶたぐんとうやこちょう
北海道	虻田郡豊浦町	あぶたぐんとようらちょう
北海道	虻田郡留寿都村	あぶたぐんるすつむら
北海道	安平町	あびらちょう
北海道	伊達市	だてし
北海道	磯谷郡蘭越町	いそやぐんらんこしちょう
北海道	羽幌町	はぼろちょう
北海道	雨竜郡雨竜町	うりゅうぐんうりゅうちょう
北海道	雨竜郡沼田町	うりゅうぐんぬまたちょう
北海道	雨竜郡秩父別町	うりゅうぐんちっぷべつちょう
北海道	雨竜郡北竜町	うりゅうぐんほくりゅうちょう
北海道	雨竜郡幌加内町	うりゅうぐんほろかないちょう
北海道	雨竜郡妹背牛町	うりゅうぐんもせうしちょう
北海道	雨竜町	うりゅうちょう
北海道	浦臼町	うらうすちょう
北海道	浦河郡浦河町	うらかわぐんうらかわちょう
北海道	浦河町	うらかわちょう
北海道	浦幌町	うらほろちょう
北海道	猿払村	さるふつむら
北海道	遠軽町	えんがるちょう
北海道	遠別町	えんべつちょう
北海道	奥尻郡奥尻町	おくしりぐんおくしりちょう
北海道	奥尻町	おくしりちょう
北海道	乙部町	おとべちょう
北海道	音威子府村	おといねっぷむら
北海道	音更町	おとふけちょう
北海道	下川町	しもかわちょう
北海道	歌志内市	うたしないし
北海道	河西郡芽室町	かさいぐんめむろちょう
北海道	河西郡更別村	かさいぐんさらべつむら
北海道	河西郡中札内村	かさいぐんなかさつないむら
北海道	河東郡音更町	かとうぐんおとふけちょう
北海道	河東郡士幌町	かとうぐんしほろちょう
北海道	河東郡鹿追町	かとうぐんしかおいちょう
北海道	河東郡上士幌町	かとうぐんかみしほろちょう
北海道	芽室町	めむろちょう
北海道	樺戸郡浦臼町	かばとぐんうらうすちょう
北海道	樺戸郡月形町	かばとぐんつきがたちょう
北海道	樺戸郡新十津川町	かばとぐんしんとつかわちょう
北海道	茅部郡鹿部町	かやべぐんしかべちょう
北海道	茅部郡森町	かやべぐんもりまち
北海道	岩見沢市	いわみざわし
北海道	岩内郡岩内町	いわないぐんいわないちょう
北海道	岩内郡共和町	いわないぐんきょうわちょう
北海道	岩内町	いわないちょう
北海道	喜茂別町	きもべつちょう
北海道	亀田郡七飯町	かめだぐんななえちょう
北海道	久遠郡せたな町	くどうぐんせたなちょう
北海道	京極町	きょうごくちょう
北海道	共和町	きょうわちょう
北海道	興部町	おこっぺちょう
北海道	倶知安町	くっちゃんちょう
北海道	空知郡上砂川町	そらちぐんかみすながわちょう
北海道	空知郡上富良野町	そらちぐんかみふらのちょう
北海道	空知郡中富良野町	そらちぐんなかふらのちょう
北海道	空知郡奈井江町	そらちぐんないえちょう
北海道	空知郡南富良野町	そらちぐんみなみふらのちょう
北海道	空知郡南幌町	そらちぐんなんぽろちょう
北海道	釧路郡釧路町	くしろぐんくしろちょう
北海道	釧路市	くしろし
北海道	釧路町	くしろちょう
北海道	栗山町	くりやまちょう
北海道	訓子府町	くんねっぷちょう
北海道	恵庭市	えにわし
北海道	月形町	つきがたちょう
北海道	剣淵町	けんぶちちょう
北海道	古宇郡神恵内村	ふるうぐんかもえないむら
北海道	古宇郡泊村	ふるうぐんとまりむら
北海道	古平郡古平町	ふるびらぐんふるびらちょう
北海道	古平町	ふるびらちょう
北海道	厚岸郡厚岸町	あっけしぐんあっけしちょう
北海道	厚岸郡浜中町	あっけしぐんはまなかちょう
北海道	厚岸町	あっけしちょう
北海道	厚真町	あつまちょう
北海道	厚沢部町	あっさぶちょう
北海道	広尾郡広尾町	ひろおぐんひろおちょう
北海道	広尾郡大樹町	ひろおぐんたいきちょう
北海道	広尾町	ひろおちょう
北海道	更別村	さらべつむら
北海道	江差町	えさしちょう
北海道	江別市	えべつし
北海道	黒松内町	くろまつないちょう
北海道	今金町	いまかねちょう
北海道	根室市	ねむろし
北海道	佐呂間町	さろまちょう
北海道	沙流郡日高町	さるぐんひだかちょう
北海道	沙流郡平取町	さるぐんびらとりちょう
北海道	砂川市	すながわし
北海道	札幌市	さっぽろし
北海道	札幌市厚別区	さっぽろしあつべつく
北海道	札幌市手稲区	さっぽろしていねく
北海道	札幌市清田区	さっぽろしきよたく
北海道	札幌市西区	さっぽろしにしく
北海道	札幌市中央区	さっぽろしちゅうおうく
北海道	札幌市東区	さっぽろしひがしく
北海道	札幌市南区	さっぽろしみなみく
北海道	札幌市白石区	さっぽろししろいしく
北海道	札幌市豊平区	さっぽろしとよひらく
北海道	札幌市北区	さっぽろしきたく
北海道	三笠市	みかさし
北海道	山越郡長万部町	やまこしぐんおしゃまんべちょう
北海道	士別市	しべつし
北海道	士幌町	しほろちょう
北海道	枝幸郡枝幸町	えさしぐんえさしちょう
北海道	枝幸郡中頓別町	えさしぐんなかとんべつちょう
北海道	枝幸郡浜頓別町	えさしぐんはまとんべつちょう
北海道	枝幸町	えさしちょう
北海道	爾志郡乙部町	にしぐんおとべちょう
北海道	鹿追町	しかおいちょう
北海道	鹿部町	しかべちょう
北海道	七飯町	ななえちょう
北海道	室蘭市	むろらんし
北海道	斜里郡斜里町	しゃりぐんしゃりちょう
北海道	斜里郡小清水町	しゃりぐんこしみずちょう
北海道	斜里郡清里町	しゃりぐんきよさとちょう
北海道	斜里町	しゃりちょう
北海道	寿都郡黒松内町	すっつぐんくろまつないちょう
北海道	寿都郡寿都町	すっつぐんすっつちょう
北海道	寿都町	すっつちょう
北海道	宗谷郡猿払村	そうやぐんさるふつむら
北海道	十勝郡浦幌町	とかちぐんうらほろちょう
北海道	初山別村	しょさんべつむら
北海道	小清水町	こしみずちょう
北海道	小樽市	おたるし
北海道	小平町	おびらちょう
北海道	松前郡松前町	まつまえぐんまつまえちょう
北海道	松前郡福島町	まつまえぐんふくしまちょう
北海道	松前町	まつまえちょう
北海道	沼田町	ぬまたちょう
北海道	上ノ国町	かみのくにちょう
北海道	上磯郡知内町	かみいそぐんしりうちちょう
北海道	上磯郡木古内町	かみいそぐんきこないちょう
北海道	上砂川町	かみすながわちょう
北海道	上士幌町	かみしほろちょう
北海道	上川郡愛別町	かみかわぐんあいべつちょう
北海道	上川郡下川町	かみかわぐんしもかわちょう
北海道	上川郡剣淵町	かみかわぐんけんぶちちょう
北海道	上川郡上川町	かみかわぐんかみかわちょう
北海道	上川郡新得町	かみかわぐんしんとくちょう
北海道	上川郡清水町	かみかわぐんしみずちょう
北海道	上川郡鷹栖町	かみかわぐんたかすちょう
北海道	上川郡東神楽町	かみかわぐんひがしかぐらちょう
北海道	上川郡東川町	かみかわぐんひがしかわちょう
北海道	上川郡当麻町	かみかわぐんとうまちょう
北海道	上川郡比布町	かみかわぐんぴっぷちょう
北海道	上川郡美瑛町	かみかわぐんびえいちょう
北海道	上川郡和寒町	かみかわぐんわっさむちょう
北海道	上川町	かみかわちょう
北海道	上富良野町	かみふらのちょう
北海道	常呂郡訓子府町	ところぐんくんねっぷちょう
北海道	常呂郡佐呂間町	ところぐんさろまちょう
北海道	常呂郡置戸町	ところぐんおけとちょう
北海道	新ひだか町	しんひだかちょう
北海道	新冠郡新冠町	にいかっぷぐんにいかっぷちょう
北海道	新冠町	にいかっぷちょう
北海道	新篠津村	しんしのつむら
北海道	新十津川町	しんとつかわちょう
北海道	新得町	しんとくちょう
北海道	森町	もりまち
北海道	深川市	ふかがわし
北海道	真狩村	まっかりむら
北海道	神恵内村	かもえないむら
北海道	仁木町	にきちょう
北海道	瀬棚郡今金町	せたなぐんいまかねちょう
北海道	清水町	しみずちょう
北海道	清里町	きよさとちょう
北海道	西興部村	にしおこっぺむら
北海道	石狩郡新篠津村	いしかりぐんしんしのつむら
北海道	石狩郡当別町	いしかりぐんとうべつちょう
北海道	石狩市	いしかりし
北海道	積丹郡積丹町	しゃこたんぐんしゃこたんちょう
北海道	積丹町	しゃこたんちょう
北海道	赤井川村	あかいがわむら
北海道	赤平市	あかびらし
北海道	千歳市	ちとせし
北海道	占冠村	しむかっぷむら
北海道	川上郡弟子屈町	かわかみぐんてしかがちょう
北海道	川上郡標茶町	かわかみぐんしべちゃちょう
北海道	壮瞥町	そうべつちょう
北海道	増毛郡増毛町	ましけぐんましけちょう
北海道	増毛町	ましけちょう
北海道	足寄郡足寄町	あしょろぐんあしょろちょう
北海道	足寄郡陸別町	あしょろぐんりくべつちょう
北海道	足寄町	あしょろちょう
北海道	帯広市	おびひろし
北海道	大空町	おおぞらちょう
北海道	大樹町	たいきちょう
北海道	鷹栖町	たかすちょう
北海道	滝上町	たきのうえちょう
北海道	滝川市	たきかわし
北海道	知内町	しりうちちょう
北海道	池田町	いけだちょう
北海道	稚内市	わっかないし
北海道	置戸町	おけとちょう
北海道	秩父別町	ちっぷべつちょう
北海道	中札内村	なかさつないむら
北海道	中川郡音威子府村	なかがわぐんおといねっぷむら
北海道	中川郡池田町	なかがわぐんいけだちょう
北海道	中川郡中川町	なかがわぐんなかがわちょう
北海道	中川郡美深町	なかがわぐんびふかちょう
北海道	中川郡豊頃町	なかがわぐんとよころちょう
北海道	中川郡本別町	なかがわぐんほんべつちょう
北海道	中川郡幕別町	なかがわぐんまくべつちょう
北海道	中川町	なかがわちょう
北海道	中頓別町	なかとんべつちょう
北海道	中標津町	なかしべつちょう
北海道	中富良野町	なかふらのちょう
北海道	長沼町	ながぬまちょう
北海道	長万部町	おしゃまんべちょう
北海道	津別町	つべつちょう
北海道	鶴居村	つるいむら
北海道	弟子屈町	てしかがちょう
北海道	天塩郡遠別町	てしおぐんえんべつちょう
北海道	天塩郡天塩町	てしおぐんてしおちょう
北海道	天塩郡豊富町	てしおぐんとよとみちょう
北海道	天塩郡幌延町	てしおぐんほろのべちょう
北海道	天塩町	てしおちょう
北海道	登別市	のぼりべつし
北海道	島牧郡島牧村	しままきぐんしままきむら
北海道	島牧村	しままきむら
北海道	東神楽町	ひがしかぐらちょう
北海道	東川町	ひがしかわちょう
北海道	当別町	とうべつちょう
北海道	当麻町	とうまちょう
北海道	洞爺湖町	とうやこちょう
北海道	苫小牧市	とまこまいし
北海道	苫前郡羽幌町	とままえぐんはぼろちょう
北海道	苫前郡初山別村	とままえぐんしょさんべつむら
北海道	苫前郡苫前町	とままえぐんとままえちょう
北海道	苫前町	とままえちょう
北海道	奈井江町	ないえちょう
北海道	南富良野町	みなみふらのちょう
北海道	南幌町	なんぽろちょう
北海道	二海郡八雲町	ふたみぐんやくもちょう
北海道	日高郡新ひだか町	ひだかぐんしんひだかちょう
北海道	日高町	ひだかちょう
北海道	泊村	とまりむら
北海道	白糠郡白糠町	しらぬかぐんしらぬかちょう
北海道	白糠町	しらぬかちょう
北海道	白老郡白老町	しらおいぐんしらおいちょう
北海道	白老町	しらおいちょう
北海道	函館市	はこだてし
北海道	八雲町	やくもちょう
北海道	比布町	ぴっぷちょう
北海道	美唄市	びばいし
北海道	美瑛町	びえいちょう
北海道	美深町	びふかちょう
北海道	美幌町	びほろちょう
北海道	標茶町	しべちゃちょう
北海道	標津郡中標津町	しべつぐんなかしべつちょう
北海道	標津郡標津町	しべつぐんしべつちょう
北海道	標津町	しべつちょう
北海道	浜中町	はまなかちょう
北海道	浜頓別町	はまとんべつちょう
北海道	富良野市	ふらのし
北海道	福島町	ふくしまちょう
北海道	平取町	びらとりちょう
北海道	別海町	べつかいちょう
北海道	豊浦町	とようらちょう
北海道	豊頃町	とよころちょう
北海道	豊富町	とよとみちょう
北海道	北海道	ほっかいどう
北海道	北見市	きたみし
北海道	北広島市	きたひろしまし
北海道	北斗市	ほくとし
北海道	北竜町	ほくりゅうちょう
北海道	幌延町	ほろのべちょう
北海道	幌加内町	ほろかないちょう
北海道	幌泉郡えりも町	ほろいずみぐんえりもちょう
北海道	本別町	ほんべつちょう
北海道	妹背牛町	もせうしちょう
北海道	幕別町	まくべつちょう
北海道	名寄市	なよろし
北海道	網走郡大空町	あばしりぐんおおぞらちょう
北海道	網走郡津別町	あばしりぐんつべつちょう
北海道	網走郡美幌町	あばしりぐんびほろちょう
北海道	網走市	あばしりし
北海道	木古内町	きこないちょう
北海道	目梨郡羅臼町	めなしぐんらうすちょう
北海道	紋別郡遠軽町	もんべつぐんえんがるちょう
北海道	紋別郡興部町	もんべつぐんおこっぺちょう
北海道	紋別郡西興部村	もんべつぐんにしおこっぺむら
北海道	紋別郡滝上町	もんべつぐんたきのうえちょう
北海道	紋別郡湧別町	もんべつぐんゆうべつちょう
北海道	紋別郡雄武町	もんべつぐんおうむちょう
北海道	紋別市	もんべつし
北海道	野付郡別海町	のつけぐんべつかいちょう
北海道	勇払郡むかわ町	ゆうふつぐんむかわちょう
北海道	勇払郡安平町	ゆうふつぐんあびらちょう
北海道	勇払郡厚真町	ゆうふつぐんあつまちょう
北海道	勇払郡占冠村	ゆうふつぐんしむかっぷむら
北海道	有珠郡壮瞥町	うすぐんそうべつちょう
北海道	湧別町	ゆうべつちょう
北海道	由仁町	ゆにちょう
北海道	雄武町	おうむちょう
北海道	夕張郡栗山町	ゆうばりぐんくりやまちょう
北海道	夕張郡長沼町	ゆうばりぐんながぬまちょう
北海道	夕張郡由仁町	ゆうばりぐんゆにちょう
北海道	夕張市	ゆうばりし
北海道	余市郡仁木町	よいちぐんにきちょう
北海道	余市郡赤井川村	よいちぐんあかいがわむら
北海道	余市郡余市町	よいちぐんよいちちょう
北海道	余市町	よいちちょう
北海道	様似郡様似町	さまにぐんさまにちょう
北海道	様似町	さまにちょう
北海道	羅臼町	らうすちょう
北海道	蘭越町	らんこしちょう
北海道	利尻郡利尻町	りしりぐんりしりちょう
北海道	利尻郡利尻富士町	りしりぐんりしりふじちょう
北海道	利尻町	りしりちょう
北海道	利尻富士町	りしりふじちょう
北海道	陸別町	りくべつちょう
北海道	留寿都村	るすつむら
北海道	留萌郡小平町	るもいぐんおびらちょう
北海道	留萌市	るもいし
北海道	礼文郡礼文町	れぶんぐんれぶんちょう
北海道	礼文町	れぶんちょう
北海道	和寒町	わっさむちょう
北海道	檜山郡厚沢部町	ひやまぐんあっさぶちょう
北海道	檜山郡江差町	ひやまぐんえさしちょう
北海道	檜山郡上ノ国町	ひやまぐんかみのくにちょう
和歌山県	かつらぎ町	かつらぎちょう
和歌山県	すさみ町	すさみちょう
和歌山県	みなべ町	みなべちょう
和歌山県	伊都郡かつらぎ町	いとぐんかつらぎちょう
和歌山県	伊都郡九度山町	いとぐんくどやまちょう
和歌山県	伊都郡高野町	いとぐんこうやちょう
和歌山県	印南町	いなみちょう
和歌山県	海草郡紀美野町	かいそうぐんきみのちょう
和歌山県	海南市	かいなんし
和歌山県	岩出市	いわでし
和歌山県	紀の川市	きのかわし
和歌山県	紀美野町	きみのちょう
和歌山県	橋本市	はしもとし
和歌山県	九度山町	くどやまちょう
和歌山県	串本町	くしもとちょう
和歌山県	古座川町	こざがわちょう
和歌山県	御坊市	ごぼうし
和歌山県	広川町	ひろがわちょう
和歌山県	高野町	こうやちょう
和歌山県	上富田町	かみとんだちょう
和歌山県	新宮市	しんぐうし
和歌山県	西牟婁郡すさみ町	にしむろぐんすさみちょう
和歌山県	西牟婁郡上富田町	にしむろぐんかみとんだちょう
和歌山県	西牟婁郡白浜町	にしむろぐんしらはまちょう
和歌山県	太地町	たいじちょう
和歌山県	田辺市	たなべし
和歌山県	東牟婁郡串本町	ひがしむろぐんくしもとちょう
和歌山県	東牟婁郡古座川町	ひがしむろぐんこざがわちょう
和歌山県	東牟婁郡太地町	ひがしむろぐんたいじちょう
和歌山県	東牟婁郡那智勝浦町	ひがしむろぐんなちかつうらちょう
和歌山県	東牟婁郡北山村	ひがしむろぐんきたやまむら
和歌山県	湯浅町	ゆあさちょう
和歌山県	那智勝浦町	なちかつうらちょう
和歌山県	日高郡みなべ町	ひだかぐんみなべちょう
和歌山県	日高郡印南町	ひだかぐんいなみちょう
和歌山県	日高郡日高川町	ひだかぐんひだかがわちょう
和歌山県	日高郡日高町	ひだかぐんひだかちょう
和歌山県	日高郡美浜町	ひだかぐんみはまちょう
和歌山県	日高郡由良町	ひだかぐんゆらちょう
和歌山県	日高川町	ひだかがわちょう
和歌山県	日高町	ひだかちょう
和歌山県	白浜町	しらはまちょう
和歌山県	美浜町	みはまちょう
和歌山県	北山村	きたやまむら
和歌山県	有田郡広川町	ありだぐんひろがわちょう
和歌山県	有田郡湯浅町	ありだぐんゆあさちょう
和歌山県	有田郡有田川町	ありだぐんありだがわちょう
和歌山県	有田市	ありだし
和歌山県	有田川町	ありだがわちょう
和歌山県	由良町	ゆらちょう
和歌山県	和歌山県	わかやまけん
和歌山県	和歌山市	わかやまし
